pool,scheme,top_k,sizing,window,total_ret,cagr,sharpe,max_dd,calmar,vol,ann_turnover,n_trades,win_rate
etf_3x,dir,5,equal,is,0.516,0.11,0.47,-0.43,0.26,0.365,12.5,112,0.438
etf_3x,dir,5,equal,oos,1.605,0.74,1.57,-0.269,2.75,0.408,19.4,74,0.459
etf_3x,dir,5,equal,full,3.003,0.274,0.83,-0.43,0.64,0.378,14.4,186,0.446
etf_3x,dir,5,tier,is,0.251,0.058,0.34,-0.482,0.12,0.373,58.4,112,0.438
etf_3x,dir,5,tier,oos,1.365,0.646,1.39,-0.297,2.17,0.427,78.3,74,0.459
etf_3x,dir,5,tier,full,2.045,0.215,0.7,-0.482,0.45,0.39,64.1,186,0.446
etf_3x,dir,5,linear,is,0.344,0.077,0.39,-0.451,0.17,0.367,50.8,112,0.438
etf_3x,dir,5,linear,oos,1.405,0.662,1.43,-0.296,2.23,0.421,67.1,74,0.459
etf_3x,dir,5,linear,full,2.325,0.234,0.74,-0.451,0.52,0.384,55.2,186,0.446
company_300,equal,5,equal,is,2.537,0.373,0.78,-0.857,0.43,0.709,101.2,951,0.427
company_300,equal,5,equal,oos,6.655,2.248,1.89,-0.342,6.57,0.79,91.8,372,0.422
company_300,equal,5,equal,full,29.513,0.817,1.17,-0.857,0.95,0.737,98.4,1326,0.427
company_300,equal,5,tier,is,0.658,0.135,0.53,-0.914,0.15,0.851,165.0,951,0.427
company_300,equal,5,tier,oos,4.107,1.57,1.57,-0.445,3.53,0.817,154.8,372,0.422
company_300,equal,5,tier,full,8.682,0.487,0.86,-0.914,0.53,0.843,161.8,1326,0.427
company_300,equal,5,linear,is,1.112,0.206,0.6,-0.909,0.23,0.833,153.8,951,0.427
company_300,equal,5,linear,oos,4.654,1.726,1.63,-0.38,4.54,0.819,142.5,372,0.422
company_300,equal,5,linear,full,12.633,0.579,0.93,-0.909,0.64,0.831,150.3,1326,0.427
hs300,equal,5,equal,is,0.853,0.167,0.58,-0.525,0.32,0.443,111.4,1038,0.41
hs300,equal,5,equal,oos,0.816,0.413,0.95,-0.422,0.98,0.516,126.7,512,0.447
hs300,equal,5,equal,full,2.004,0.212,0.66,-0.525,0.4,0.466,115.9,1552,0.424
hs300,equal,5,tier,is,0.766,0.153,0.55,-0.586,0.26,0.483,179.3,1038,0.41
hs300,equal,5,tier,oos,0.701,0.361,0.86,-0.468,0.77,0.542,189.1,512,0.447
hs300,equal,5,tier,full,1.744,0.193,0.61,-0.586,0.33,0.502,182.4,1552,0.424
hs300,equal,5,linear,is,0.789,0.157,0.55,-0.585,0.27,0.473,166.8,1038,0.41
hs300,equal,5,linear,oos,0.62,0.323,0.81,-0.459,0.7,0.537,178.5,512,0.447
hs300,equal,5,linear,full,1.644,0.185,0.6,-0.585,0.32,0.494,170.4,1552,0.424
a_etf_all,dir,5,equal,is,-0.017,-0.004,0.06,-0.304,-0.01,0.176,32.3,301,0.429
a_etf_all,dir,5,equal,oos,0.41,0.22,0.98,-0.217,1.01,0.239,58.5,238,0.538
a_etf_all,dir,5,equal,full,0.379,0.058,0.39,-0.304,0.19,0.197,40.0,539,0.481
a_etf_all,dir,5,tier,is,-0.282,-0.08,-0.43,-0.39,-0.2,0.169,89.7,301,0.429
a_etf_all,dir,5,tier,oos,0.348,0.189,0.87,-0.231,0.82,0.239,114.9,238,0.538
a_etf_all,dir,5,tier,full,-0.037,-0.007,0.06,-0.39,-0.02,0.193,97.1,539,0.481
a_etf_all,dir,5,linear,is,-0.255,-0.071,-0.37,-0.387,-0.18,0.168,79.6,301,0.429
a_etf_all,dir,5,linear,oos,0.365,0.197,0.9,-0.226,0.87,0.238,105.6,238,0.538
a_etf_all,dir,5,linear,full,0.017,0.003,0.11,-0.387,0.01,0.192,87.3,539,0.481
