source,window,total_ret,cagr,sharpe,max_dd,calmar,vol,ann_turnover,n_trades,win_rate,avg_days,n_days,pool,actual_range,top_k,old_total_ret,old_cagr,old_sharpe,old_max_dd,old_calmar,old_vol,old_ann_turnover,old_n_trades,old_win_rate,old_avg_days,old_n_days
legacy,is,7.185,0.694,1.37,-0.325,2.13,0.461,160.4,3544,0.5,3.4,1005,company_300,2020-01-02~2026-09-25,12,7.177,0.694,1.37,-0.325,2.13,0.461,160.5,3545.0,0.5,3.4,1004.0
native,is,6.081,0.633,1.26,-0.4,1.58,0.48,163.0,3564,0.504,3.4,1005,company_300,2020-01-02~2026-09-25,12,7.177,0.694,1.37,-0.325,2.13,0.461,160.5,3545.0,0.5,3.4,1004.0
buyhold,is,1.651,0.277,1.02,-0.389,0.71,0.278,1.5,0,,,1005,company_300,2020-01-02~2026-09-25,12,,,,,,,,,,,
legacy,oos,1.491,0.696,1.2,-0.341,2.04,0.586,164.7,1562,0.504,3.3,434,company_300,2020-01-02~2026-09-25,12,1.649,0.773,1.27,-0.342,2.26,0.596,164.8,1535.0,0.504,3.3,426.0
native,oos,1.164,0.563,1.03,-0.408,1.38,0.626,166.9,1574,0.501,3.3,434,company_300,2020-01-02~2026-09-25,12,1.649,0.773,1.27,-0.342,2.26,0.596,164.8,1535.0,0.504,3.3,426.0
buyhold,oos,1.757,0.799,1.74,-0.273,2.92,0.38,1.6,0,,,434,company_300,2020-01-02~2026-09-25,12,,,,,,,,,,,
legacy,full,20.448,0.709,1.32,-0.341,2.08,0.501,161.6,5112,0.501,3.4,1439,company_300,2020-01-02~2026-09-25,12,21.76,0.731,1.34,-0.342,2.14,0.504,161.6,5086.0,0.501,3.4,1431.0
native,full,15.085,0.625,1.18,-0.408,1.53,0.528,164.0,5144,0.503,3.3,1439,company_300,2020-01-02~2026-09-25,12,21.76,0.731,1.34,-0.342,2.14,0.504,161.6,5086.0,0.501,3.4,1431.0
buyhold,full,6.415,0.419,1.28,-0.389,1.08,0.312,1.4,0,,,1439,company_300,2020-01-02~2026-09-25,12,6.994,0.441,1.35,-0.389,,,1.5,,,,1431.0
legacy,ytd26,0.294,0.424,0.93,-0.287,1.48,0.533,170.5,670,0.481,3.2,184,company_300,2020-01-02~2026-09-25,12,0.234,0.353,0.83,-0.287,1.23,0.542,170.4,641.0,0.482,3.2,176.0
native,ytd26,0.426,0.628,1.08,-0.286,2.19,0.633,171.9,672,0.478,3.2,184,company_300,2020-01-02~2026-09-25,12,0.234,0.353,0.83,-0.287,1.23,0.542,170.4,641.0,0.482,3.2,176.0
buyhold,ytd26,0.115,0.161,0.61,-0.204,0.79,0.335,1.4,0,,,184,company_300,2020-01-02~2026-09-25,12,0.065,0.095,0.44,-0.204,,,1.4,,,,176.0
legacy,is,10.86,0.859,1.31,-0.481,1.79,0.601,97.1,1139,0.513,7.0,1005,company_1000,2020-01-02~2026-09-18,8,10.984,0.865,1.32,-0.481,1.8,0.601,97.1,1139.0,0.513,7.0,1004.0
native,is,6.78,0.672,0.85,-0.504,1.33,0.939,98.2,1109,0.507,7.1,1005,company_1000,2020-01-02~2026-09-18,8,10.984,0.865,1.32,-0.481,1.8,0.601,97.1,1139.0,0.513,7.0,1004.0
buyhold,is,1.033,0.195,1.03,-0.257,0.76,0.19,1.3,0,,,1005,company_1000,2020-01-02~2026-09-18,8,,,,,,,,,,,
legacy,oos,2.567,1.105,1.5,-0.418,2.64,0.626,104.5,526,0.532,6.5,429,company_1000,2020-01-02~2026-09-18,8,2.571,1.109,1.5,-0.418,2.65,0.627,104.5,526.0,0.532,6.5,428.0
native,oos,0.924,0.467,0.97,-0.476,0.98,0.554,101.9,500,0.556,6.8,429,company_1000,2020-01-02~2026-09-18,8,2.571,1.109,1.5,-0.418,2.65,0.627,104.5,526.0,0.532,6.5,428.0
buyhold,oos,0.754,0.389,1.73,-0.19,2.05,0.204,1.9,0,,,429,company_1000,2020-01-02~2026-09-18,8,,,,,,,,,,,
legacy,full,44.169,0.951,1.39,-0.481,1.98,0.608,99.4,1670,0.519,6.8,1434,company_1000,2020-01-02~2026-09-18,8,44.638,0.955,1.39,-0.481,1.98,0.609,99.3,1670.0,0.519,6.8,1433.0
native,full,15.132,0.628,0.87,-0.504,1.25,0.842,99.4,1614,0.521,7.0,1434,company_1000,2020-01-02~2026-09-18,8,44.638,0.955,1.39,-0.481,1.98,0.609,99.3,1670.0,0.519,6.8,1433.0
buyhold,full,2.592,0.251,1.26,-0.257,0.98,0.194,1.3,0,,,1434,company_1000,2020-01-02~2026-09-18,8,2.57,0.25,1.25,-0.258,,,1.3,,,,1433.0
legacy,ytd26,0.603,0.946,2.21,-0.197,4.79,0.327,102.9,216,0.565,6.5,179,company_1000,2020-01-02~2026-09-18,8,0.605,0.964,2.22,-0.197,4.88,0.328,102.9,216.0,0.565,6.5,178.0
native,ytd26,0.466,0.715,1.35,-0.234,3.06,0.479,100.0,203,0.591,6.9,179,company_1000,2020-01-02~2026-09-18,8,0.605,0.964,2.22,-0.197,4.88,0.328,102.9,216.0,0.565,6.5,178.0
buyhold,ytd26,0.142,0.205,1.29,-0.079,2.59,0.155,2.7,0,,,179,company_1000,2020-01-02~2026-09-18,8,0.141,0.207,1.28,-0.08,,,2.7,,,,178.0
legacy,is,1.486,0.256,0.77,-0.423,0.61,0.399,68.1,207,0.502,22.4,1005,etf_3x,2020-01-02~2026-09-25,5,1.289,0.231,0.73,-0.425,0.54,0.387,70.2,221.0,0.502,21.1,1004.0
native,is,1.137,0.21,0.68,-0.433,0.48,0.392,67.5,204,0.475,22.8,1005,etf_3x,2020-01-02~2026-09-25,5,1.289,0.231,0.73,-0.425,0.54,0.387,70.2,221.0,0.502,21.1,1004.0
buyhold,is,0.181,0.042,0.3,-0.485,0.09,0.365,0.3,0,,,1005,etf_3x,2020-01-02~2026-09-25,5,,,,,,,,,,,
legacy,oos,1.975,0.879,1.37,-0.383,2.3,0.594,71.8,106,0.547,19.4,434,etf_3x,2020-01-02~2026-09-25,5,1.869,0.857,1.35,-0.389,2.21,0.595,76.0,115.0,0.583,17.6,427.0
native,oos,2.692,1.13,1.58,-0.382,2.96,0.596,70.7,97,0.608,21.1,434,etf_3x,2020-01-02~2026-09-25,5,1.869,0.857,1.35,-0.389,2.21,0.595,76.0,115.0,0.583,17.6,427.0
buyhold,oos,1.031,0.507,1.04,-0.413,1.23,0.536,0.6,0,,,434,etf_3x,2020-01-02~2026-09-25,5,,,,,,,,,,,
legacy,full,6.298,0.415,0.98,-0.423,0.98,0.467,68.8,312,0.516,22.7,1439,etf_3x,2020-01-02~2026-09-25,5,5.565,0.391,0.95,-0.425,0.92,0.458,71.6,336.0,0.527,21.0,1432.0
native,full,7.036,0.439,1.02,-0.433,1.01,0.463,68.2,301,0.522,23.5,1439,etf_3x,2020-01-02~2026-09-25,5,5.565,0.391,0.95,-0.425,0.92,0.458,71.6,336.0,0.527,21.0,1432.0
buyhold,full,1.183,0.146,0.55,-0.485,0.3,0.378,0.2,0,,,1439,etf_3x,2020-01-02~2026-09-25,5,1.279,0.156,0.6,-0.553,,,0.7,,,,1432.0
legacy,ytd26,0.765,1.182,1.45,-0.383,3.08,0.721,71.7,40,0.55,20.1,184,etf_3x,2020-01-02~2026-09-25,5,0.69,1.12,1.4,-0.385,2.91,0.723,73.3,41.0,0.537,18.8,177.0
native,ytd26,0.979,1.553,1.63,-0.396,3.92,0.749,70.0,38,0.579,21.0,184,etf_3x,2020-01-02~2026-09-25,5,0.69,1.12,1.4,-0.385,2.91,0.723,73.3,41.0,0.537,18.8,177.0
buyhold,ytd26,0.197,0.28,0.82,-0.235,1.19,0.403,1.4,0,,,184,etf_3x,2020-01-02~2026-09-25,5,0.212,0.316,1.01,-0.168,,,1.8,,,,177.0
legacy,is,4.602,0.54,1.48,-0.306,1.76,0.343,54.9,319,0.589,7.8,969,hs300,2020-01-02~2026-09-24,5,4.603,0.541,1.48,-0.306,1.77,0.343,54.9,319.0,0.589,7.8,968.0
native,is,2.898,0.406,1.05,-0.415,0.98,0.418,116.3,691,0.614,7.0,969,hs300,2020-01-02~2026-09-24,5,4.603,0.541,1.48,-0.306,1.77,0.343,54.9,319.0,0.589,7.8,968.0
buyhold,is,0.426,0.093,0.55,-0.239,0.39,0.205,0.8,0,,,969,hs300,2020-01-02~2026-09-24,5,,,,,,,,,,,
legacy,oos,1.017,0.502,1.27,-0.282,1.78,0.391,126.8,326,0.653,6.4,421,hs300,2020-01-02~2026-09-24,5,0.984,0.495,1.26,-0.296,1.67,0.393,125.5,321.0,0.651,6.4,415.0
native,oos,0.872,0.438,1.16,-0.312,1.4,0.39,127.4,321,0.645,6.5,421,hs300,2020-01-02~2026-09-24,5,0.984,0.495,1.26,-0.296,1.67,0.393,125.5,321.0,0.651,6.4,415.0
buyhold,oos,0.249,0.138,0.82,-0.121,1.14,0.183,0.6,0,,,421,hs300,2020-01-02~2026-09-24,5,,,,,,,,,,,
legacy,full,10.052,0.522,1.39,-0.306,1.7,0.358,76.7,649,0.616,7.1,1390,hs300,2020-01-02~2026-09-24,5,9.86,0.52,1.39,-0.306,1.7,0.359,76.1,644.0,0.615,7.1,1384.0
native,full,6.13,0.41,1.07,-0.415,0.99,0.41,119.6,1015,0.62,6.8,1390,hs300,2020-01-02~2026-09-24,5,9.86,0.52,1.39,-0.306,1.7,0.359,76.1,644.0,0.615,7.1,1384.0
buyhold,full,0.822,0.111,0.64,-0.239,0.46,0.202,0.5,0,,,1390,hs300,2020-01-02~2026-09-24,5,0.823,0.111,0.64,-0.239,,,0.5,,,,1384.0
legacy,ytd26,0.146,0.209,0.69,-0.282,0.74,0.395,129.7,141,0.624,6.1,178,hs300,2020-01-02~2026-09-24,5,0.127,0.187,0.64,-0.296,0.63,0.399,126.6,136.0,0.618,6.2,172.0
native,ytd26,0.073,0.103,0.45,-0.312,0.33,0.393,133.6,141,0.617,6.1,178,hs300,2020-01-02~2026-09-24,5,0.127,0.187,0.64,-0.296,0.63,0.399,126.6,136.0,0.618,6.2,172.0
buyhold,ytd26,-0.063,-0.087,-0.57,-0.11,-0.79,0.146,1.4,0,,,178,hs300,2020-01-02~2026-09-24,5,-0.062,-0.088,-0.57,-0.109,,,1.5,,,,172.0
legacy,is,1.347,0.239,0.64,-0.227,1.05,0.472,12.5,16,0.688,207.8,969,a_etf_all,2020-01-02~2026-09-24,5,1.359,0.24,0.64,-0.227,1.06,0.472,12.3,16.0,0.688,207.8,968.0
native,is,1.452,0.252,0.66,-0.227,1.11,0.472,13.3,20,0.65,173.8,969,a_etf_all,2020-01-02~2026-09-24,5,1.359,0.24,0.64,-0.227,1.06,0.472,12.3,16.0,0.688,207.8,968.0
buyhold,is,-0.148,-0.039,-0.1,-0.393,-0.1,0.206,1.1,0,,,969,a_etf_all,2020-01-02~2026-09-24,5,,,,,,,,,,,
legacy,oos,0.541,0.285,1.6,-0.158,1.81,0.172,24.3,21,0.81,88.5,421,a_etf_all,2020-01-02~2026-09-24,5,0.587,0.312,1.71,-0.158,1.98,0.173,24.2,20.0,0.85,82.2,415.0
native,oos,0.535,0.282,1.59,-0.158,1.79,0.172,25.3,21,0.81,88.5,421,a_etf_all,2020-01-02~2026-09-24,5,0.587,0.312,1.71,-0.158,1.98,0.173,24.2,20.0,0.85,82.2,415.0
buyhold,oos,0.238,0.132,0.81,-0.143,0.92,0.177,1.1,0,,,421,a_etf_all,2020-01-02~2026-09-24,5,,,,,,,,,,,
legacy,full,2.573,0.249,0.72,-0.227,1.1,0.405,15.9,35,0.8,191.5,1390,a_etf_all,2020-01-02~2026-09-24,5,2.696,0.258,0.73,-0.227,1.13,0.406,15.8,34.0,0.824,190.9,1384.0
native,full,2.719,0.258,0.73,-0.227,1.14,0.405,16.8,39,0.769,171.9,1390,a_etf_all,2020-01-02~2026-09-24,5,2.696,0.258,0.73,-0.227,1.13,0.406,15.8,34.0,0.824,190.9,1384.0
buyhold,full,0.03,0.005,0.13,-0.393,0.01,0.198,0.9,0,,,1390,a_etf_all,2020-01-02~2026-09-24,5,0.02,0.004,0.12,-0.397,,,0.9,,,,1384.0
legacy,ytd26,0.29,0.427,2.2,-0.111,3.85,0.172,29.5,11,0.818,58.8,178,a_etf_all,2020-01-02~2026-09-24,5,0.292,0.445,2.26,-0.112,3.98,0.174,28.6,10.0,0.9,56.7,172.0
native,ytd26,0.292,0.429,2.18,-0.112,3.84,0.174,28.9,11,0.818,58.8,178,a_etf_all,2020-01-02~2026-09-24,5,0.292,0.445,2.26,-0.112,3.98,0.174,28.6,10.0,0.9,56.7,172.0
buyhold,ytd26,-0.068,-0.093,-0.49,-0.143,-0.65,0.173,1.6,0,,,178,a_etf_all,2020-01-02~2026-09-24,5,-0.073,-0.103,-0.56,-0.143,,,1.6,,,,172.0
