pool,scheme,window,top_k,n_w,fold_obj,weights,total_ret,cagr,sharpe,max_dd,calmar,vol,ann_turnover,n_trades,win_rate,avg_days,n_days
company_300,preset,is,12.0,2.0,1.1825,C_tmqmom:1;F_er20:1,6.081,0.633,1.26,-0.4,1.58,0.48,163.0,3564,0.504,3.4,1005
company_300,preset,oos,12.0,2.0,1.1825,C_tmqmom:1;F_er20:1,1.164,0.563,1.03,-0.408,1.38,0.626,166.9,1574,0.501,3.3,434
company_300,preset,full,12.0,2.0,1.1825,C_tmqmom:1;F_er20:1,15.085,0.625,1.18,-0.408,1.53,0.528,164.0,5144,0.503,3.3,1439
company_300,preset,ytd26,12.0,2.0,1.1825,C_tmqmom:1;F_er20:1,0.426,0.628,1.08,-0.286,2.19,0.633,171.9,672,0.478,3.2,184
company_300,equal,is,12.0,9.0,1.0725,N_range20:0.111111;F_mom121:0.111111;C_tmqmom:0.111111;G_oviv20:0.111111;F_er20:0.111111;F_obv20:0.111111;D_ma20_dist:0.111111;G_vr20:0.111111;H_ichimoku_alpha:0.111111,3.776,0.48,1.1,-0.449,1.07,0.439,121.4,2640,0.464,4.5,1005
company_300,equal,oos,12.0,9.0,1.0725,N_range20:0.111111;F_mom121:0.111111;C_tmqmom:0.111111;G_oviv20:0.111111;F_er20:0.111111;F_obv20:0.111111;D_ma20_dist:0.111111;G_vr20:0.111111;H_ichimoku_alpha:0.111111,0.506,0.267,0.76,-0.416,0.64,0.441,120.8,1132,0.461,4.5,434
company_300,equal,full,12.0,9.0,1.0725,N_range20:0.111111;F_mom121:0.111111;C_tmqmom:0.111111;G_oviv20:0.111111;F_er20:0.111111;F_obv20:0.111111;D_ma20_dist:0.111111;G_vr20:0.111111;H_ichimoku_alpha:0.111111,6.752,0.43,1.03,-0.449,0.96,0.44,121.1,3775,0.463,4.5,1439
company_300,equal,ytd26,12.0,9.0,1.0725,N_range20:0.111111;F_mom121:0.111111;C_tmqmom:0.111111;G_oviv20:0.111111;F_er20:0.111111;F_obv20:0.111111;D_ma20_dist:0.111111;G_vr20:0.111111;H_ichimoku_alpha:0.111111,0.294,0.424,1.1,-0.236,1.79,0.391,120.7,491,0.444,4.3,184
company_300,cur_ic,is,12.0,9.0,0.9375,N_range20:0.255804;F_mom121:0.151508;C_tmqmom:0.140127;G_oviv20:0.114337;F_er20:0.078666;F_obv20:0.077606;D_ma20_dist:0.063589;G_vr20:0.062243;H_ichimoku_alpha:0.056122,3.025,0.418,1.15,-0.227,1.84,0.355,115.8,2488,0.457,4.8,1005
company_300,cur_ic,oos,12.0,9.0,0.9375,N_range20:0.255804;F_mom121:0.151508;C_tmqmom:0.140127;G_oviv20:0.114337;F_er20:0.078666;F_obv20:0.077606;D_ma20_dist:0.063589;G_vr20:0.062243;H_ichimoku_alpha:0.056122,0.383,0.207,0.86,-0.192,1.08,0.258,115.4,1080,0.507,4.8,434
company_300,cur_ic,full,12.0,9.0,0.9375,N_range20:0.255804;F_mom121:0.151508;C_tmqmom:0.140127;G_oviv20:0.114337;F_er20:0.078666;F_obv20:0.077606;D_ma20_dist:0.063589;G_vr20:0.062243;H_ichimoku_alpha:0.056122,4.645,0.353,1.08,-0.227,1.55,0.329,115.7,3573,0.472,4.8,1439
company_300,cur_ic,ytd26,12.0,9.0,0.9375,N_range20:0.255804;F_mom121:0.151508;C_tmqmom:0.140127;G_oviv20:0.114337;F_er20:0.078666;F_obv20:0.077606;D_ma20_dist:0.063589;G_vr20:0.062243;H_ichimoku_alpha:0.056122,0.212,0.302,1.14,-0.126,2.4,0.263,116.7,457,0.488,4.7,184
company_300,inv_vol,is,12.0,9.0,0.99,N_range20:0.058343;F_mom121:0.083499;C_tmqmom:0.106524;G_oviv20:0.127058;F_er20:0.14747;F_obv20:0.117335;D_ma20_dist:0.084814;G_vr20:0.131589;H_ichimoku_alpha:0.143368,3.787,0.481,1.07,-0.454,1.06,0.467,121.8,2673,0.458,4.5,1005
company_300,inv_vol,oos,12.0,9.0,0.99,N_range20:0.058343;F_mom121:0.083499;C_tmqmom:0.106524;G_oviv20:0.127058;F_er20:0.14747;F_obv20:0.117335;D_ma20_dist:0.084814;G_vr20:0.131589;H_ichimoku_alpha:0.143368,0.696,0.358,0.88,-0.424,0.84,0.487,119.0,1115,0.474,4.6,434
company_300,inv_vol,full,12.0,9.0,0.99,N_range20:0.058343;F_mom121:0.083499;C_tmqmom:0.106524;G_oviv20:0.127058;F_er20:0.14747;F_obv20:0.117335;D_ma20_dist:0.084814;G_vr20:0.131589;H_ichimoku_alpha:0.143368,7.786,0.462,1.04,-0.454,1.02,0.473,120.8,3791,0.463,4.5,1439
company_300,inv_vol,ytd26,12.0,9.0,0.99,N_range20:0.058343;F_mom121:0.083499;C_tmqmom:0.106524;G_oviv20:0.127058;F_er20:0.14747;F_obv20:0.117335;D_ma20_dist:0.084814;G_vr20:0.131589;H_ichimoku_alpha:0.143368,0.268,0.385,0.98,-0.236,1.63,0.426,117.1,469,0.463,4.5,184
company_300,rp,is,12.0,9.0,1.5425,N_range20:0.130978;F_mom121:0.141906;C_tmqmom:0.018604;G_oviv20:0.307927;F_er20:0.013072;F_obv20:0.192789;D_ma20_dist:0.14084;G_vr20:0.042937;H_ichimoku_alpha:0.010947,11.506,0.884,1.61,-0.228,3.88,0.454,113.4,2441,0.457,4.9,1005
company_300,rp,oos,12.0,9.0,1.5425,N_range20:0.130978;F_mom121:0.141906;C_tmqmom:0.018604;G_oviv20:0.307927;F_er20:0.013072;F_obv20:0.192789;D_ma20_dist:0.14084;G_vr20:0.042937;H_ichimoku_alpha:0.010947,0.351,0.19,0.64,-0.315,0.6,0.402,120.8,1102,0.468,4.7,434
company_300,rp,full,12.0,9.0,1.5425,N_range20:0.130978;F_mom121:0.141906;C_tmqmom:0.018604;G_oviv20:0.307927;F_er20:0.013072;F_obv20:0.192789;D_ma20_dist:0.14084;G_vr20:0.042937;H_ichimoku_alpha:0.010947,16.064,0.642,1.34,-0.315,2.04,0.439,115.5,3547,0.461,4.8,1439
company_300,rp,ytd26,12.0,9.0,1.5425,N_range20:0.130978;F_mom121:0.141906;C_tmqmom:0.018604;G_oviv20:0.307927;F_er20:0.013072;F_obv20:0.192789;D_ma20_dist:0.14084;G_vr20:0.042937;H_ichimoku_alpha:0.010947,0.251,0.36,0.97,-0.214,1.68,0.404,118.3,464,0.438,4.6,184
company_300,ic_iv,is,12.0,9.0,1.0175,N_range20:0.22942;F_mom121:0.137702;C_tmqmom:0.137833;G_oviv20:0.12231;F_er20:0.096846;F_obv20:0.080718;D_ma20_dist:0.050441;G_vr20:0.072481;H_ichimoku_alpha:0.07225,2.898,0.406,1.13,-0.256,1.59,0.354,116.0,2527,0.465,4.7,1005
company_300,ic_iv,oos,12.0,9.0,1.0175,N_range20:0.22942;F_mom121:0.137702;C_tmqmom:0.137833;G_oviv20:0.12231;F_er20:0.096846;F_obv20:0.080718;D_ma20_dist:0.050441;G_vr20:0.072481;H_ichimoku_alpha:0.07225,0.28,0.154,0.67,-0.239,0.64,0.271,115.6,1062,0.498,4.8,434
company_300,ic_iv,full,12.0,9.0,1.0175,N_range20:0.22942;F_mom121:0.137702;C_tmqmom:0.137833;G_oviv20:0.12231;F_er20:0.096846;F_obv20:0.080718;D_ma20_dist:0.050441;G_vr20:0.072481;H_ichimoku_alpha:0.07225,4.095,0.329,1.02,-0.267,1.24,0.331,115.8,3595,0.476,4.8,1439
company_300,ic_iv,ytd26,12.0,9.0,1.0175,N_range20:0.22942;F_mom121:0.137702;C_tmqmom:0.137833;G_oviv20:0.12231;F_er20:0.096846;F_obv20:0.080718;D_ma20_dist:0.050441;G_vr20:0.072481;H_ichimoku_alpha:0.07225,0.21,0.3,1.11,-0.123,2.43,0.271,114.2,452,0.482,4.7,184
company_300,cd_ic,is,12.0,5.0,2.1225,F_mom121:-0.303016;G_oviv20:0.114337;F_er20:0.039333;F_obv20:0.077606;D_ma20_dist:0.063589,79.22,2.002,2.11,-0.337,5.94,0.607,120.9,2533,0.443,4.6,1005
company_300,cd_ic,oos,12.0,5.0,2.1225,F_mom121:-0.303016;G_oviv20:0.114337;F_er20:0.039333;F_obv20:0.077606;D_ma20_dist:0.063589,1.739,0.792,1.13,-0.322,2.46,0.722,116.6,1081,0.426,4.6,434
company_300,cd_ic,full,12.0,5.0,2.1225,F_mom121:-0.303016;G_oviv20:0.114337;F_er20:0.039333;F_obv20:0.077606;D_ma20_dist:0.063589,234.824,1.598,1.79,-0.337,4.74,0.644,119.5,3619,0.438,4.7,1439
company_300,cd_ic,ytd26,12.0,5.0,2.1225,F_mom121:-0.303016;G_oviv20:0.114337;F_er20:0.039333;F_obv20:0.077606;D_ma20_dist:0.063589,0.136,0.192,0.6,-0.322,0.6,0.486,110.7,439,0.421,4.7,184
company_300,buyhold,is,,,,,1.651,0.277,1.02,-0.389,0.71,0.278,1.5,0,,,1005
company_300,buyhold,oos,,,,,1.757,0.799,1.74,-0.273,2.92,0.38,1.6,0,,,434
company_300,buyhold,full,,,,,6.415,0.419,1.28,-0.389,1.08,0.312,1.4,0,,,1439
company_300,buyhold,ytd26,,,,,0.115,0.161,0.61,-0.204,0.79,0.335,1.4,0,,,184
company_1000,preset,is,8.0,2.0,0.7625,G_vr20:1;H_ichimoku_alpha:1,6.78,0.672,0.85,-0.504,1.33,0.939,98.2,1109,0.507,7.1,1005
company_1000,preset,oos,8.0,2.0,0.7625,G_vr20:1;H_ichimoku_alpha:1,0.924,0.467,0.97,-0.476,0.98,0.554,101.9,500,0.556,6.8,429
company_1000,preset,full,8.0,2.0,0.7625,G_vr20:1;H_ichimoku_alpha:1,15.132,0.628,0.87,-0.504,1.25,0.842,99.4,1614,0.521,7.0,1434
company_1000,preset,ytd26,8.0,2.0,0.7625,G_vr20:1;H_ichimoku_alpha:1,0.466,0.715,1.35,-0.234,3.06,0.479,100.0,203,0.591,6.9,179
company_1000,equal,is,8.0,9.0,0.6575,F_mom121:0.111111;N_idiovol60:0.111111;C_tmqmom:0.111111;D_ma20_dist:0.111111;F_er20:0.111111;G_oviv20:0.111111;F_obv20:0.111111;H_ichimoku_alpha:0.111111;G_vr20:0.111111,6.927,0.68,0.96,-0.436,1.56,0.781,127.9,1442,0.447,5.4,1005
company_1000,equal,oos,8.0,9.0,0.6575,F_mom121:0.111111;N_idiovol60:0.111111;C_tmqmom:0.111111;D_ma20_dist:0.111111;F_er20:0.111111;G_oviv20:0.111111;F_obv20:0.111111;H_ichimoku_alpha:0.111111;G_vr20:0.111111,-0.634,-0.445,-1.32,-0.65,-0.68,0.389,125.4,636,0.431,5.3,429
company_1000,equal,full,8.0,9.0,0.6575,F_mom121:0.111111;N_idiovol60:0.111111;C_tmqmom:0.111111;D_ma20_dist:0.111111;F_er20:0.111111;G_oviv20:0.111111;F_obv20:0.111111;H_ichimoku_alpha:0.111111;G_vr20:0.111111,2.093,0.219,0.56,-0.695,0.32,0.689,127.1,2083,0.442,5.4,1434
company_1000,equal,ytd26,8.0,9.0,0.6575,F_mom121:0.111111;N_idiovol60:0.111111;C_tmqmom:0.111111;D_ma20_dist:0.111111;F_er20:0.111111;G_oviv20:0.111111;F_obv20:0.111111;H_ichimoku_alpha:0.111111;G_vr20:0.111111,-0.145,-0.198,-0.41,-0.32,-0.62,0.367,123.5,261,0.395,5.3,179
company_1000,cur_ic,is,8.0,9.0,0.915,F_mom121:0.184861;N_idiovol60:0.182241;C_tmqmom:0.166788;D_ma20_dist:0.003792;F_er20:0.087767;G_oviv20:0.084287;F_obv20:0.046709;H_ichimoku_alpha:0.047314;G_vr20:0.052573,6.232,0.642,1.18,-0.407,1.58,0.533,126.6,1395,0.484,5.6,1005
company_1000,cur_ic,oos,8.0,9.0,0.915,F_mom121:0.184861;N_idiovol60:0.182241;C_tmqmom:0.166788;D_ma20_dist:0.003792;F_er20:0.087767;G_oviv20:0.084287;F_obv20:0.046709;H_ichimoku_alpha:0.047314;G_vr20:0.052573,-0.266,-0.166,-0.45,-0.393,-0.42,0.304,115.6,583,0.492,5.8,429
company_1000,cur_ic,full,8.0,9.0,0.915,F_mom121:0.184861;N_idiovol60:0.182241;C_tmqmom:0.166788;D_ma20_dist:0.003792;F_er20:0.087767;G_oviv20:0.084287;F_obv20:0.046709;H_ichimoku_alpha:0.047314;G_vr20:0.052573,4.318,0.34,0.84,-0.407,0.84,0.476,123.1,1981,0.486,5.7,1434
company_1000,cur_ic,ytd26,8.0,9.0,0.915,F_mom121:0.184861;N_idiovol60:0.182241;C_tmqmom:0.166788;D_ma20_dist:0.003792;F_er20:0.087767;G_oviv20:0.084287;F_obv20:0.046709;H_ichimoku_alpha:0.047314;G_vr20:0.052573,-0.164,-0.224,-0.83,-0.24,-0.93,0.262,115.0,231,0.489,6.0,179
company_1000,inv_vol,is,8.0,9.0,0.3075,F_mom121:0.071559;N_idiovol60:0.054648;C_tmqmom:0.095656;D_ma20_dist:-0.074022;F_er20:0.145521;G_oviv20:0.150105;F_obv20:-0.109759;H_ichimoku_alpha:-0.152416;G_vr20:-0.146314,0.175,0.041,0.29,-0.43,0.1,0.354,172.6,2243,0.547,3.5,1005
company_1000,inv_vol,oos,8.0,9.0,0.3075,F_mom121:0.071559;N_idiovol60:0.054648;C_tmqmom:0.095656;D_ma20_dist:-0.074022;F_er20:0.145521;G_oviv20:0.150105;F_obv20:-0.109759;H_ichimoku_alpha:-0.152416;G_vr20:-0.146314,10.857,3.253,1.13,-0.216,15.08,2.105,184.3,1026,0.579,3.3,429
company_1000,inv_vol,full,8.0,9.0,0.3075,F_mom121:0.071559;N_idiovol60:0.054648;C_tmqmom:0.095656;D_ma20_dist:-0.074022;F_er20:0.145521;G_oviv20:0.150105;F_obv20:-0.109759;H_ichimoku_alpha:-0.152416;G_vr20:-0.146314,12.998,0.588,0.66,-0.478,1.23,1.189,176.2,3275,0.557,3.4,1434
company_1000,inv_vol,ytd26,8.0,9.0,0.3075,F_mom121:0.071559;N_idiovol60:0.054648;C_tmqmom:0.095656;D_ma20_dist:-0.074022;F_er20:0.145521;G_oviv20:0.150105;F_obv20:-0.109759;H_ichimoku_alpha:-0.152416;G_vr20:-0.146314,0.54,0.838,1.95,-0.168,4.98,0.344,198.8,471,0.592,2.9,179
company_1000,rp,is,8.0,9.0,0.665,F_mom121:0.000731;N_idiovol60:0.177627;C_tmqmom:0.000106;D_ma20_dist:-0.254272;F_er20:7.5e-05;G_oviv20:0.560685;F_obv20:-0.005998;H_ichimoku_alpha:-7.8e-05;G_vr20:-0.000428,2.432,0.362,0.88,-0.374,0.97,0.47,114.0,1291,0.585,6.1,1005
company_1000,rp,oos,8.0,9.0,0.665,F_mom121:0.000731;N_idiovol60:0.177627;C_tmqmom:0.000106;D_ma20_dist:-0.254272;F_er20:7.5e-05;G_oviv20:0.560685;F_obv20:-0.005998;H_ichimoku_alpha:-7.8e-05;G_vr20:-0.000428,1.655,0.771,1.4,-0.235,3.28,0.49,108.3,556,0.606,6.0,429
company_1000,rp,full,8.0,9.0,0.665,F_mom121:0.000731;N_idiovol60:0.177627;C_tmqmom:0.000106;D_ma20_dist:-0.254272;F_er20:7.5e-05;G_oviv20:0.560685;F_obv20:-0.005998;H_ichimoku_alpha:-7.8e-05;G_vr20:-0.000428,8.139,0.474,1.04,-0.374,1.27,0.476,112.2,1850,0.591,6.1,1434
company_1000,rp,ytd26,8.0,9.0,0.665,F_mom121:0.000731;N_idiovol60:0.177627;C_tmqmom:0.000106;D_ma20_dist:-0.254272;F_er20:7.5e-05;G_oviv20:0.560685;F_obv20:-0.005998;H_ichimoku_alpha:-7.8e-05;G_vr20:-0.000428,0.214,0.315,1.18,-0.12,2.63,0.262,108.2,238,0.613,5.8,179
company_1000,ic_iv,is,8.0,9.0,0.015,F_mom121:0.165085;N_idiovol60:0.154009;C_tmqmom:0.15906;D_ma20_dist:-0.088775;F_er20:0.104971;G_oviv20:0.103784;F_obv20:-0.063726;H_ichimoku_alpha:-0.08445;G_vr20:-0.07614,-0.167,-0.045,0.03,-0.411,-0.11,0.335,165.4,2085,0.562,3.7,1005
company_1000,ic_iv,oos,8.0,9.0,0.015,F_mom121:0.165085;N_idiovol60:0.154009;C_tmqmom:0.15906;D_ma20_dist:-0.088775;F_er20:0.104971;G_oviv20:0.103784;F_obv20:-0.063726;H_ichimoku_alpha:-0.08445;G_vr20:-0.07614,7.859,2.585,1.04,-0.271,9.54,2.106,171.2,937,0.575,3.6,429
company_1000,ic_iv,full,8.0,9.0,0.015,F_mom121:0.165085;N_idiovol60:0.154009;C_tmqmom:0.15906;D_ma20_dist:-0.088775;F_er20:0.104971;G_oviv20:0.103784;F_obv20:-0.063726;H_ichimoku_alpha:-0.08445;G_vr20:-0.07614,6.408,0.421,0.56,-0.478,0.88,1.185,167.0,3026,0.565,3.7,1434
company_1000,ic_iv,ytd26,8.0,9.0,0.015,F_mom121:0.165085;N_idiovol60:0.154009;C_tmqmom:0.15906;D_ma20_dist:-0.088775;F_er20:0.104971;G_oviv20:0.103784;F_obv20:-0.063726;H_ichimoku_alpha:-0.08445;G_vr20:-0.07614,0.427,0.652,1.71,-0.162,4.03,0.326,171.6,389,0.584,3.6,179
company_1000,cd_ic,is,8.0,5.0,1.43,N_idiovol60:0.182241;C_tmqmom:0.166788;G_oviv20:0.168574;H_ichimoku_alpha:0.094628;G_vr20:0.105146,7.032,0.686,1.28,-0.398,1.73,0.5,109.3,1244,0.543,6.3,1005
company_1000,cd_ic,oos,8.0,5.0,1.43,N_idiovol60:0.182241;C_tmqmom:0.166788;G_oviv20:0.168574;H_ichimoku_alpha:0.094628;G_vr20:0.105146,0.486,0.261,0.66,-0.32,0.82,0.546,105.0,513,0.53,6.6,429
company_1000,cd_ic,full,8.0,5.0,1.43,N_idiovol60:0.182241;C_tmqmom:0.166788;G_oviv20:0.168574;H_ichimoku_alpha:0.094628;G_vr20:0.105146,10.945,0.545,1.08,-0.398,1.37,0.514,107.9,1762,0.54,6.4,1434
company_1000,cd_ic,ytd26,8.0,5.0,1.43,N_idiovol60:0.182241;C_tmqmom:0.166788;G_oviv20:0.168574;H_ichimoku_alpha:0.094628;G_vr20:0.105146,-0.141,-0.194,-0.75,-0.24,-0.81,0.245,97.6,192,0.536,7.3,179
company_1000,buyhold,is,,,,,1.033,0.195,1.03,-0.257,0.76,0.19,1.3,0,,,1005
company_1000,buyhold,oos,,,,,0.754,0.389,1.73,-0.19,2.05,0.204,1.9,0,,,429
company_1000,buyhold,full,,,,,2.592,0.251,1.26,-0.257,0.98,0.194,1.3,0,,,1434
company_1000,buyhold,ytd26,,,,,0.142,0.205,1.29,-0.079,2.59,0.155,2.7,0,,,179
etf_3x,preset,is,5.0,4.0,0.685,F_mom121:0.5;F_er20:0.3;N_idiovol60:0.2;F_obv20:0.1,1.137,0.21,0.68,-0.433,0.48,0.392,67.5,204,0.475,22.8,1005
etf_3x,preset,oos,5.0,4.0,0.685,F_mom121:0.5;F_er20:0.3;N_idiovol60:0.2;F_obv20:0.1,2.692,1.13,1.58,-0.382,2.96,0.596,70.7,97,0.608,21.1,434
etf_3x,preset,full,5.0,4.0,0.685,F_mom121:0.5;F_er20:0.3;N_idiovol60:0.2;F_obv20:0.1,7.036,0.439,1.02,-0.433,1.01,0.463,68.2,301,0.522,23.5,1439
etf_3x,preset,ytd26,5.0,4.0,0.685,F_mom121:0.5;F_er20:0.3;N_idiovol60:0.2;F_obv20:0.1,0.979,1.553,1.63,-0.396,3.92,0.749,70.0,38,0.579,21.0,184
etf_3x,equal,is,5.0,9.0,0.2075,F_mom121:0.111111;C_tmqmom:0.111111;G_vr20:0.111111;N_idiovol60:0.111111;F_er20:0.111111;D_ma20_dist:0.111111;G_oviv20:0.111111;H_ichimoku_alpha:0.111111;F_obv20:0.111111,0.026,0.006,0.19,-0.448,0.01,0.343,67.8,272,0.438,18.2,1005
etf_3x,equal,oos,5.0,9.0,0.2075,F_mom121:0.111111;C_tmqmom:0.111111;G_vr20:0.111111;N_idiovol60:0.111111;F_er20:0.111111;D_ma20_dist:0.111111;G_oviv20:0.111111;H_ichimoku_alpha:0.111111;F_obv20:0.111111,2.206,0.963,1.57,-0.353,2.73,0.522,71.8,135,0.504,15.6,434
etf_3x,equal,full,5.0,9.0,0.2075,F_mom121:0.111111;C_tmqmom:0.111111;G_vr20:0.111111;N_idiovol60:0.111111;F_er20:0.111111;D_ma20_dist:0.111111;G_oviv20:0.111111;H_ichimoku_alpha:0.111111;F_obv20:0.111111,2.302,0.232,0.72,-0.448,0.52,0.406,68.9,408,0.461,17.5,1439
etf_3x,equal,ytd26,5.0,9.0,0.2075,F_mom121:0.111111;C_tmqmom:0.111111;G_vr20:0.111111;N_idiovol60:0.111111;F_er20:0.111111;D_ma20_dist:0.111111;G_oviv20:0.111111;H_ichimoku_alpha:0.111111;F_obv20:0.111111,1.082,1.736,1.9,-0.353,4.92,0.646,77.3,55,0.491,15.6,184
etf_3x,cur_ic,is,5.0,9.0,0.8,F_mom121:0.172597;C_tmqmom:0.164821;G_vr20:0.123502;N_idiovol60:0.121714;F_er20:0.104784;D_ma20_dist:0.016698;G_oviv20:0.017984;H_ichimoku_alpha:0.067544;F_obv20:0.053613,1.358,0.24,0.74,-0.493,0.49,0.399,69.9,269,0.528,18.4,1005
etf_3x,cur_ic,oos,5.0,9.0,0.8,F_mom121:0.172597;C_tmqmom:0.164821;G_vr20:0.123502;N_idiovol60:0.121714;F_er20:0.104784;D_ma20_dist:0.016698;G_oviv20:0.017984;H_ichimoku_alpha:0.067544;F_obv20:0.053613,3.424,1.365,1.7,-0.416,3.28,0.627,67.9,117,0.556,18.1,434
etf_3x,cur_ic,full,5.0,9.0,0.8,F_mom121:0.172597;C_tmqmom:0.164821;G_vr20:0.123502;N_idiovol60:0.121714;F_er20:0.104784;D_ma20_dist:0.016698;G_oviv20:0.017984;H_ichimoku_alpha:0.067544;F_obv20:0.053613,9.545,0.509,1.1,-0.493,1.03,0.48,69.2,387,0.54,18.5,1439
etf_3x,cur_ic,ytd26,5.0,9.0,0.8,F_mom121:0.172597;C_tmqmom:0.164821;G_vr20:0.123502;N_idiovol60:0.121714;F_er20:0.104784;D_ma20_dist:0.016698;G_oviv20:0.017984;H_ichimoku_alpha:0.067544;F_obv20:0.053613,1.316,2.169,1.86,-0.416,5.22,0.793,71.6,45,0.578,19.2,184
etf_3x,inv_vol,is,5.0,9.0,0.99,F_mom121:0.087233;C_tmqmom:0.108843;G_vr20:0.122709;N_idiovol60:0.150671;F_er20:0.119143;D_ma20_dist:-0.078889;G_oviv20:-0.112797;H_ichimoku_alpha:0.11503;F_obv20:-0.104686,2.373,0.356,0.92,-0.412,0.87,0.437,80.9,352,0.58,14.1,1005
etf_3x,inv_vol,oos,5.0,9.0,0.99,F_mom121:0.087233;C_tmqmom:0.108843;G_vr20:0.122709;N_idiovol60:0.150671;F_er20:0.119143;D_ma20_dist:-0.078889;G_oviv20:-0.112797;H_ichimoku_alpha:0.11503;F_obv20:-0.104686,1.421,0.668,1.23,-0.442,1.51,0.537,79.4,146,0.603,14.3,434
etf_3x,inv_vol,full,5.0,9.0,0.99,F_mom121:0.087233;C_tmqmom:0.108843;G_vr20:0.122709;N_idiovol60:0.150671;F_er20:0.119143;D_ma20_dist:-0.078889;G_oviv20:-0.112797;H_ichimoku_alpha:0.11503;F_obv20:-0.104686,7.162,0.443,1.02,-0.52,0.85,0.469,80.5,499,0.579,14.3,1439
etf_3x,inv_vol,ytd26,5.0,9.0,0.99,F_mom121:0.087233;C_tmqmom:0.108843;G_vr20:0.122709;N_idiovol60:0.150671;F_er20:0.119143;D_ma20_dist:-0.078889;G_oviv20:-0.112797;H_ichimoku_alpha:0.11503;F_obv20:-0.104686,0.629,0.954,1.47,-0.281,3.39,0.563,81.0,61,0.557,13.8,184
etf_3x,rp,is,5.0,9.0,0.345,F_mom121:0.000522;C_tmqmom:0.001197;G_vr20:0.086833;N_idiovol60:0.000109;F_er20:0.027682;D_ma20_dist:-0.329315;G_oviv20:-0.095811;H_ichimoku_alpha:0.012183;F_obv20:-0.446347,-0.013,-0.003,0.25,-0.655,-0.0,0.524,83.4,355,0.592,13.8,1005
etf_3x,rp,oos,5.0,9.0,0.345,F_mom121:0.000522;C_tmqmom:0.001197;G_vr20:0.086833;N_idiovol60:0.000109;F_er20:0.027682;D_ma20_dist:-0.329315;G_oviv20:-0.095811;H_ichimoku_alpha:0.012183;F_obv20:-0.446347,0.833,0.42,0.91,-0.504,0.83,0.561,84.6,158,0.69,13.4,434
etf_3x,rp,full,5.0,9.0,0.345,F_mom121:0.000522;C_tmqmom:0.001197;G_vr20:0.086833;N_idiovol60:0.000109;F_er20:0.027682;D_ma20_dist:-0.329315;G_oviv20:-0.095811;H_ichimoku_alpha:0.012183;F_obv20:-0.446347,0.847,0.113,0.47,-0.709,0.16,0.535,84.0,514,0.613,13.9,1439
etf_3x,rp,ytd26,5.0,9.0,0.345,F_mom121:0.000522;C_tmqmom:0.001197;G_vr20:0.086833;N_idiovol60:0.000109;F_er20:0.027682;D_ma20_dist:-0.329315;G_oviv20:-0.095811;H_ichimoku_alpha:0.012183;F_obv20:-0.446347,0.413,0.608,1.15,-0.302,2.01,0.541,87.7,63,0.651,13.7,184
etf_3x,ic_iv,is,5.0,9.0,0.9,F_mom121:0.160657;C_tmqmom:0.163687;G_vr20:0.129301;N_idiovol60:0.141494;F_er20:0.108799;D_ma20_dist:-0.078303;G_oviv20:-0.09397;H_ichimoku_alpha:0.069503;F_obv20:-0.054286,2.104,0.328,0.86,-0.424,0.77,0.45,77.5,293,0.577,16.9,1005
etf_3x,ic_iv,oos,5.0,9.0,0.9,F_mom121:0.160657;C_tmqmom:0.163687;G_vr20:0.129301;N_idiovol60:0.141494;F_er20:0.108799;D_ma20_dist:-0.078303;G_oviv20:-0.09397;H_ichimoku_alpha:0.069503;F_obv20:-0.054286,1.241,0.595,1.07,-0.461,1.29,0.62,77.7,135,0.578,15.5,434
etf_3x,ic_iv,full,5.0,9.0,0.9,F_mom121:0.160657;C_tmqmom:0.163687;G_vr20:0.129301;N_idiovol60:0.141494;F_er20:0.108799;D_ma20_dist:-0.078303;G_oviv20:-0.09397;H_ichimoku_alpha:0.069503;F_obv20:-0.054286,6.079,0.408,0.93,-0.505,0.81,0.507,77.5,430,0.577,16.6,1439
etf_3x,ic_iv,ytd26,5.0,9.0,0.9,F_mom121:0.160657;C_tmqmom:0.163687;G_vr20:0.129301;N_idiovol60:0.141494;F_er20:0.108799;D_ma20_dist:-0.078303;G_oviv20:-0.09397;H_ichimoku_alpha:0.069503;F_obv20:-0.054286,0.793,1.229,1.46,-0.359,3.43,0.739,74.8,56,0.661,15.1,184
etf_3x,cd_ic,is,5.0,8.0,1.15,F_mom121:0.172597;G_vr20:0.123502;N_idiovol60:0.121714;F_er20:0.104784;D_ma20_dist:-0.016698;G_oviv20:0.017984;H_ichimoku_alpha:-0.067544;F_obv20:-0.053613,2.509,0.37,1.01,-0.456,0.81,0.385,66.6,144,0.625,34.3,1005
etf_3x,cd_ic,oos,5.0,8.0,1.15,F_mom121:0.172597;G_vr20:0.123502;N_idiovol60:0.121714;F_er20:0.104784;D_ma20_dist:-0.016698;G_oviv20:0.017984;H_ichimoku_alpha:-0.067544;F_obv20:-0.053613,1.494,0.697,1.28,-0.329,2.12,0.522,67.4,62,0.661,28.7,434
etf_3x,cd_ic,full,5.0,8.0,1.15,F_mom121:0.172597;G_vr20:0.123502;N_idiovol60:0.121714;F_er20:0.104784;D_ma20_dist:-0.016698;G_oviv20:0.017984;H_ichimoku_alpha:-0.067544;F_obv20:-0.053613,8.396,0.479,1.13,-0.456,1.05,0.43,66.7,210,0.629,32.4,1439
etf_3x,cd_ic,ytd26,5.0,8.0,1.15,F_mom121:0.172597;G_vr20:0.123502;N_idiovol60:0.121714;F_er20:0.104784;D_ma20_dist:-0.016698;G_oviv20:0.017984;H_ichimoku_alpha:-0.067544;F_obv20:-0.053613,0.621,0.941,1.37,-0.324,2.91,0.636,69.2,29,0.759,18.2,184
etf_3x,buyhold,is,,,,,0.181,0.042,0.3,-0.485,0.09,0.365,0.3,0,,,1005
etf_3x,buyhold,oos,,,,,1.031,0.507,1.04,-0.413,1.23,0.536,0.6,0,,,434
etf_3x,buyhold,full,,,,,1.183,0.146,0.55,-0.485,0.3,0.378,0.2,0,,,1439
etf_3x,buyhold,ytd26,,,,,0.197,0.28,0.82,-0.235,1.19,0.403,1.4,0,,,184
hs300,preset,is,5.0,3.0,1.0425,N_range20:-1;D_ma20_dist:-1;C_tmqmom:0.5,2.898,0.406,1.05,-0.415,0.98,0.418,116.3,691,0.614,7.0,969
hs300,preset,oos,5.0,3.0,1.0425,N_range20:-1;D_ma20_dist:-1;C_tmqmom:0.5,0.872,0.438,1.16,-0.312,1.4,0.39,127.4,321,0.645,6.5,421
hs300,preset,full,5.0,3.0,1.0425,N_range20:-1;D_ma20_dist:-1;C_tmqmom:0.5,6.13,0.41,1.07,-0.415,0.99,0.41,119.6,1015,0.62,6.8,1390
hs300,preset,ytd26,5.0,3.0,1.0425,N_range20:-1;D_ma20_dist:-1;C_tmqmom:0.5,0.073,0.103,0.45,-0.312,0.33,0.393,133.6,141,0.617,6.1,178
hs300,equal,is,5.0,9.0,0.24,N_idiovol60:0.111111;F_mom121:0.111111;D_ma20_dist:0.111111;C_tmqmom:0.111111;F_obv20:0.111111;H_ichimoku_alpha:0.111111;G_oviv20:0.111111;G_vr20:0.111111;F_er20:0.111111,0.365,0.081,0.4,-0.605,0.13,0.383,103.0,614,0.412,7.8,969
hs300,equal,oos,5.0,9.0,0.24,N_idiovol60:0.111111;F_mom121:0.111111;D_ma20_dist:0.111111;C_tmqmom:0.111111;F_obv20:0.111111;H_ichimoku_alpha:0.111111;G_oviv20:0.111111;G_vr20:0.111111;F_er20:0.111111,0.429,0.23,0.69,-0.342,0.67,0.466,94.9,242,0.413,8.5,421
hs300,equal,full,5.0,9.0,0.24,N_idiovol60:0.111111;F_mom121:0.111111;D_ma20_dist:0.111111;C_tmqmom:0.111111;F_obv20:0.111111;H_ichimoku_alpha:0.111111;G_oviv20:0.111111;G_vr20:0.111111;F_er20:0.111111,0.927,0.122,0.49,-0.605,0.2,0.409,100.3,856,0.414,8.1,1390
hs300,equal,ytd26,5.0,9.0,0.24,N_idiovol60:0.111111;F_mom121:0.111111;D_ma20_dist:0.111111;C_tmqmom:0.111111;F_obv20:0.111111;H_ichimoku_alpha:0.111111;G_oviv20:0.111111;G_vr20:0.111111;F_er20:0.111111,-0.047,-0.064,0.14,-0.342,-0.19,0.535,89.9,88,0.364,9.6,178
hs300,cur_ic,is,5.0,9.0,0.7775,N_idiovol60:0.252531;F_mom121:0.127229;D_ma20_dist:-0.010259;C_tmqmom:0.107987;F_obv20:0.016922;H_ichimoku_alpha:0.091454;G_oviv20:0.033635;G_vr20:0.042592;F_er20:0.059245,1.073,0.201,0.92,-0.238,0.84,0.237,95.2,547,0.508,8.8,969
hs300,cur_ic,oos,5.0,9.0,0.7775,N_idiovol60:0.252531;F_mom121:0.127229;D_ma20_dist:-0.010259;C_tmqmom:0.107987;F_obv20:0.016922;H_ichimoku_alpha:0.091454;G_oviv20:0.033635;G_vr20:0.042592;F_er20:0.059245,0.208,0.116,0.72,-0.163,0.71,0.178,98.7,259,0.564,8.0,421
hs300,cur_ic,full,5.0,9.0,0.7775,N_idiovol60:0.252531;F_mom121:0.127229;D_ma20_dist:-0.010259;C_tmqmom:0.107987;F_obv20:0.016922;H_ichimoku_alpha:0.091454;G_oviv20:0.033635;G_vr20:0.042592;F_er20:0.059245,1.467,0.171,0.85,-0.238,0.72,0.221,96.2,808,0.527,8.6,1390
hs300,cur_ic,ytd26,5.0,9.0,0.7775,N_idiovol60:0.252531;F_mom121:0.127229;D_ma20_dist:-0.010259;C_tmqmom:0.107987;F_obv20:0.016922;H_ichimoku_alpha:0.091454;G_oviv20:0.033635;G_vr20:0.042592;F_er20:0.059245,-0.005,-0.007,0.03,-0.134,-0.06,0.162,103.0,114,0.553,7.5,178
hs300,inv_vol,is,5.0,9.0,0.6425,N_idiovol60:0.077505;F_mom121:0.082585;D_ma20_dist:-0.082599;C_tmqmom:0.105501;F_obv20:-0.099326;H_ichimoku_alpha:0.149191;G_oviv20:-0.142978;G_vr20:-0.123762;F_er20:0.136554,0.643,0.133,0.63,-0.281,0.47,0.26,126.9,772,0.569,6.2,969
hs300,inv_vol,oos,5.0,9.0,0.6425,N_idiovol60:0.077505;F_mom121:0.082585;D_ma20_dist:-0.082599;C_tmqmom:0.105501;F_obv20:-0.099326;H_ichimoku_alpha:0.149191;G_oviv20:-0.142978;G_vr20:-0.123762;F_er20:0.136554,-0.164,-0.099,-0.42,-0.366,-0.27,0.205,128.3,333,0.574,6.2,421
hs300,inv_vol,full,5.0,9.0,0.6425,N_idiovol60:0.077505;F_mom121:0.082585;D_ma20_dist:-0.082599;C_tmqmom:0.105501;F_obv20:-0.099326;H_ichimoku_alpha:0.149191;G_oviv20:-0.142978;G_vr20:-0.123762;F_er20:0.136554,0.338,0.052,0.34,-0.366,0.14,0.245,127.3,1107,0.57,6.2,1390
hs300,inv_vol,ytd26,5.0,9.0,0.6425,N_idiovol60:0.077505;F_mom121:0.082585;D_ma20_dist:-0.082599;C_tmqmom:0.105501;F_obv20:-0.099326;H_ichimoku_alpha:0.149191;G_oviv20:-0.142978;G_vr20:-0.123762;F_er20:0.136554,-0.205,-0.273,-1.8,-0.283,-0.97,0.173,122.7,122,0.484,6.8,178
hs300,rp,is,5.0,9.0,0.1075,N_idiovol60:0;F_mom121:0.130901;D_ma20_dist:-1e-06;C_tmqmom:0.152606;F_obv20:-1e-06;H_ichimoku_alpha:0.292101;G_oviv20:-0.334627;G_vr20:-0.089742;F_er20:2.1e-05,0.057,0.014,0.2,-0.394,0.04,0.311,115.4,705,0.501,6.8,969
hs300,rp,oos,5.0,9.0,0.1075,N_idiovol60:0;F_mom121:0.130901;D_ma20_dist:-1e-06;C_tmqmom:0.152606;F_obv20:-1e-06;H_ichimoku_alpha:0.292101;G_oviv20:-0.334627;G_vr20:-0.089742;F_er20:2.1e-05,0.08,0.045,0.31,-0.214,0.21,0.238,112.2,287,0.505,7.2,421
hs300,rp,full,5.0,9.0,0.1075,N_idiovol60:0;F_mom121:0.130901;D_ma20_dist:-1e-06;C_tmqmom:0.152606;F_obv20:-1e-06;H_ichimoku_alpha:0.292101;G_oviv20:-0.334627;G_vr20:-0.089742;F_er20:2.1e-05,0.113,0.019,0.21,-0.394,0.05,0.291,114.2,993,0.504,7.0,1390
hs300,rp,ytd26,5.0,9.0,0.1075,N_idiovol60:0;F_mom121:0.130901;D_ma20_dist:-1e-06;C_tmqmom:0.152606;F_obv20:-1e-06;H_ichimoku_alpha:0.292101;G_oviv20:-0.334627;G_vr20:-0.089742;F_er20:2.1e-05,-0.048,-0.067,-0.17,-0.183,-0.36,0.243,120.5,126,0.46,6.8,178
hs300,ic_iv,is,5.0,9.0,0.4075,N_idiovol60:0.235727;F_mom121:0.112966;D_ma20_dist:-0.107114;C_tmqmom:0.105182;F_obv20:-0.088297;H_ichimoku_alpha:0.110494;G_oviv20:-0.09341;G_vr20:-0.074844;F_er20:0.071966,0.377,0.084,0.48,-0.309,0.27,0.23,118.0,701,0.586,6.9,969
hs300,ic_iv,oos,5.0,9.0,0.4075,N_idiovol60:0.235727;F_mom121:0.112966;D_ma20_dist:-0.107114;C_tmqmom:0.105182;F_obv20:-0.088297;H_ichimoku_alpha:0.110494;G_oviv20:-0.09341;G_vr20:-0.074844;F_er20:0.071966,-0.252,-0.155,-1.04,-0.36,-0.43,0.156,123.8,291,0.57,7.1,421
hs300,ic_iv,full,5.0,9.0,0.4075,N_idiovol60:0.235727;F_mom121:0.112966;D_ma20_dist:-0.107114;C_tmqmom:0.105182;F_obv20:-0.088297;H_ichimoku_alpha:0.110494;G_oviv20:-0.09341;G_vr20:-0.074844;F_er20:0.071966,-0.009,-0.002,0.1,-0.36,-0.0,0.211,119.9,993,0.58,7.0,1390
hs300,ic_iv,ytd26,5.0,9.0,0.4075,N_idiovol60:0.235727;F_mom121:0.112966;D_ma20_dist:-0.107114;C_tmqmom:0.105182;F_obv20:-0.088297;H_ichimoku_alpha:0.110494;G_oviv20:-0.09341;G_vr20:-0.074844;F_er20:0.071966,-0.268,-0.352,-2.71,-0.276,-1.28,0.159,120.7,108,0.481,7.8,178
hs300,cd_ic,is,5.0,8.0,1.34,N_idiovol60:-0.252531;F_mom121:0.254458;D_ma20_dist:-0.010259;F_obv20:0.0042305;H_ichimoku_alpha:0.091454;G_oviv20:0.033635;G_vr20:0.042592;F_er20:0.059245,8.233,0.746,1.42,-0.541,1.38,0.494,74.1,372,0.516,12.9,969
hs300,cd_ic,oos,5.0,8.0,1.34,N_idiovol60:-0.252531;F_mom121:0.254458;D_ma20_dist:-0.010259;F_obv20:0.0042305;H_ichimoku_alpha:0.091454;G_oviv20:0.033635;G_vr20:0.042592;F_er20:0.059245,3.1,1.266,1.79,-0.447,2.83,0.562,77.6,183,0.596,11.3,421
hs300,cd_ic,full,5.0,8.0,1.34,N_idiovol60:-0.252531;F_mom121:0.254458;D_ma20_dist:-0.010259;F_obv20:0.0042305;H_ichimoku_alpha:0.091454;G_oviv20:0.033635;G_vr20:0.042592;F_er20:0.059245,34.49,0.866,1.51,-0.541,1.6,0.516,75.1,557,0.537,12.4,1390
hs300,cd_ic,ytd26,5.0,8.0,1.34,N_idiovol60:-0.252531;F_mom121:0.254458;D_ma20_dist:-0.010259;F_obv20:0.0042305;H_ichimoku_alpha:0.091454;G_oviv20:0.033635;G_vr20:0.042592;F_er20:0.059245,0.238,0.347,0.81,-0.447,0.78,0.601,79.8,83,0.53,10.4,178
hs300,buyhold,is,,,,,0.426,0.093,0.55,-0.239,0.39,0.205,0.8,0,,,969
hs300,buyhold,oos,,,,,0.249,0.138,0.82,-0.121,1.14,0.183,0.6,0,,,421
hs300,buyhold,full,,,,,0.822,0.111,0.64,-0.239,0.46,0.202,0.5,0,,,1390
hs300,buyhold,ytd26,,,,,-0.063,-0.087,-0.57,-0.11,-0.79,0.146,1.4,0,,,178
a_etf_all,preset,is,5.0,2.0,1.415,N_range20:1;G_oviv20:0.5,1.452,0.252,0.66,-0.227,1.11,0.472,13.3,20,0.65,173.8,969
a_etf_all,preset,oos,5.0,2.0,1.415,N_range20:1;G_oviv20:0.5,0.535,0.282,1.59,-0.158,1.79,0.172,25.3,21,0.81,88.5,421
a_etf_all,preset,full,5.0,2.0,1.415,N_range20:1;G_oviv20:0.5,2.719,0.258,0.73,-0.227,1.14,0.405,16.8,39,0.769,171.9,1390
a_etf_all,preset,ytd26,5.0,2.0,1.415,N_range20:1;G_oviv20:0.5,0.292,0.429,2.18,-0.112,3.84,0.174,28.9,11,0.818,58.8,178
a_etf_all,equal,is,5.0,10.0,0.175,N_range20:0.1;G_oviv20:0.1;F_mom121:0.1;N_idiovol60:0.1;H_ichimoku_alpha:0.1;C_tmqmom:0.1;D_ma20_dist:0.1;G_vr20:0.1;F_er20:0.1;F_obv20:0.1,0.019,0.005,0.12,-0.305,0.02,0.193,75.8,354,0.435,13.4,969
a_etf_all,equal,oos,5.0,10.0,0.175,N_range20:0.1;G_oviv20:0.1;F_mom121:0.1;N_idiovol60:0.1;H_ichimoku_alpha:0.1;C_tmqmom:0.1;D_ma20_dist:0.1;G_vr20:0.1;F_er20:0.1;F_obv20:0.1,0.146,0.082,0.43,-0.392,0.21,0.294,95.7,218,0.514,9.3,421
a_etf_all,equal,full,5.0,10.0,0.175,N_range20:0.1;G_oviv20:0.1;F_mom121:0.1;N_idiovol60:0.1;H_ichimoku_alpha:0.1;C_tmqmom:0.1;D_ma20_dist:0.1;G_vr20:0.1;F_er20:0.1;F_obv20:0.1,0.161,0.026,0.23,-0.392,0.07,0.228,81.8,575,0.47,12.0,1390
a_etf_all,equal,ytd26,5.0,10.0,0.175,N_range20:0.1;G_oviv20:0.1;F_mom121:0.1;N_idiovol60:0.1;H_ichimoku_alpha:0.1;C_tmqmom:0.1;D_ma20_dist:0.1;G_vr20:0.1;F_er20:0.1;F_obv20:0.1,-0.248,-0.328,-1.08,-0.392,-0.84,0.327,96.3,91,0.407,9.0,178
a_etf_all,cur_ic,is,5.0,10.0,0.75,N_range20:0.168347;G_oviv20:0.143913;F_mom121:0.132397;N_idiovol60:0.115376;H_ichimoku_alpha:0.086126;C_tmqmom:0.079699;D_ma20_dist:0.022719;G_vr20:0.077168;F_er20:0.03057;F_obv20:0.050263,0.352,0.079,0.65,-0.197,0.4,0.136,48.5,146,0.548,32.3,969
a_etf_all,cur_ic,oos,5.0,10.0,0.75,N_range20:0.168347;G_oviv20:0.143913;F_mom121:0.132397;N_idiovol60:0.115376;H_ichimoku_alpha:0.086126;C_tmqmom:0.079699;D_ma20_dist:0.022719;G_vr20:0.077168;F_er20:0.03057;F_obv20:0.050263,0.593,0.31,1.5,-0.166,1.87,0.2,65.4,125,0.536,15.7,421
a_etf_all,cur_ic,full,5.0,10.0,0.75,N_range20:0.168347;G_oviv20:0.143913;F_mom121:0.132397;N_idiovol60:0.115376;H_ichimoku_alpha:0.086126;C_tmqmom:0.079699;D_ma20_dist:0.022719;G_vr20:0.077168;F_er20:0.03057;F_obv20:0.050263,1.131,0.141,0.95,-0.197,0.72,0.158,53.7,274,0.551,24.9,1390
a_etf_all,cur_ic,ytd26,5.0,10.0,0.75,N_range20:0.168347;G_oviv20:0.143913;F_mom121:0.132397;N_idiovol60:0.115376;H_ichimoku_alpha:0.086126;C_tmqmom:0.079699;D_ma20_dist:0.022719;G_vr20:0.077168;F_er20:0.03057;F_obv20:0.050263,0.104,0.147,0.75,-0.166,0.89,0.218,67.3,48,0.542,15.6,178
a_etf_all,inv_vol,is,5.0,10.0,0.6375,N_range20:0.08031;G_oviv20:0.094201;F_mom121:0.082562;N_idiovol60:0.113;H_ichimoku_alpha:0.11976;C_tmqmom:0.101192;D_ma20_dist:-0.079477;G_vr20:0.10123;F_er20:-0.113088;F_obv20:0.115179,0.283,0.064,0.4,-0.23,0.28,0.221,73.6,279,0.57,17.0,969
a_etf_all,inv_vol,oos,5.0,10.0,0.6375,N_range20:0.08031;G_oviv20:0.094201;F_mom121:0.082562;N_idiovol60:0.113;H_ichimoku_alpha:0.11976;C_tmqmom:0.101192;D_ma20_dist:-0.079477;G_vr20:0.10123;F_er20:-0.113088;F_obv20:0.115179,0.538,0.284,1.34,-0.132,2.14,0.209,86.9,194,0.577,10.4,421
a_etf_all,inv_vol,full,5.0,10.0,0.6375,N_range20:0.08031;G_oviv20:0.094201;F_mom121:0.082562;N_idiovol60:0.113;H_ichimoku_alpha:0.11976;C_tmqmom:0.101192;D_ma20_dist:-0.079477;G_vr20:0.10123;F_er20:-0.113088;F_obv20:0.115179,0.938,0.123,0.66,-0.23,0.53,0.217,77.5,474,0.574,14.5,1390
a_etf_all,inv_vol,ytd26,5.0,10.0,0.6375,N_range20:0.08031;G_oviv20:0.094201;F_mom121:0.082562;N_idiovol60:0.113;H_ichimoku_alpha:0.11976;C_tmqmom:0.101192;D_ma20_dist:-0.079477;G_vr20:0.10123;F_er20:-0.113088;F_obv20:0.115179,0.084,0.12,0.62,-0.112,1.07,0.23,87.9,86,0.558,9.4,178
a_etf_all,rp,is,5.0,10.0,0.8075,N_range20:0.260203;G_oviv20:0.280899;F_mom121:0.269341;N_idiovol60:0.001392;H_ichimoku_alpha:0.038416;C_tmqmom:0.101243;D_ma20_dist:-0.001045;G_vr20:0.008501;F_er20:-0.037742;F_obv20:0.001218,0.531,0.113,0.47,-0.26,0.43,0.32,33.7,52,0.538,80.5,969
a_etf_all,rp,oos,5.0,10.0,0.8075,N_range20:0.260203;G_oviv20:0.280899;F_mom121:0.269341;N_idiovol60:0.001392;H_ichimoku_alpha:0.038416;C_tmqmom:0.101243;D_ma20_dist:-0.001045;G_vr20:0.008501;F_er20:-0.037742;F_obv20:0.001218,0.416,0.223,1.19,-0.137,1.64,0.19,27.2,23,0.522,48.7,421
a_etf_all,rp,full,5.0,10.0,0.8075,N_range20:0.260203;G_oviv20:0.280899;F_mom121:0.269341;N_idiovol60:0.001392;H_ichimoku_alpha:0.038416;C_tmqmom:0.101243;D_ma20_dist:-0.001045;G_vr20:0.008501;F_er20:-0.037742;F_obv20:0.001218,1.18,0.146,0.61,-0.26,0.56,0.286,31.7,75,0.547,78.8,1390
a_etf_all,rp,ytd26,5.0,10.0,0.8075,N_range20:0.260203;G_oviv20:0.280899;F_mom121:0.269341;N_idiovol60:0.001392;H_ichimoku_alpha:0.038416;C_tmqmom:0.101243;D_ma20_dist:-0.001045;G_vr20:0.008501;F_er20:-0.037742;F_obv20:0.001218,0.225,0.328,1.45,-0.12,2.73,0.215,26.2,10,0.6,18.5,178
a_etf_all,ic_iv,is,5.0,10.0,0.8425,N_range20:0.158502;G_oviv20:0.141014;F_mom121:0.123677;N_idiovol60:0.121876;H_ichimoku_alpha:0.096006;C_tmqmom:0.080295;D_ma20_dist:-0.06702;G_vr20:0.077783;F_er20:-0.075974;F_obv20:0.057852,0.459,0.099,0.43,-0.263,0.38,0.333,49.1,119,0.546,34.1,969
a_etf_all,ic_iv,oos,5.0,10.0,0.8425,N_range20:0.158502;G_oviv20:0.141014;F_mom121:0.123677;N_idiovol60:0.121876;H_ichimoku_alpha:0.096006;C_tmqmom:0.080295;D_ma20_dist:-0.06702;G_vr20:0.077783;F_er20:-0.075974;F_obv20:0.057852,0.535,0.282,1.55,-0.124,2.27,0.176,52.5,92,0.565,21.1,421
a_etf_all,ic_iv,full,5.0,10.0,0.8425,N_range20:0.158502;G_oviv20:0.141014;F_mom121:0.123677;N_idiovol60:0.121876;H_ichimoku_alpha:0.096006;C_tmqmom:0.080295;D_ma20_dist:-0.06702;G_vr20:0.077783;F_er20:-0.075974;F_obv20:0.057852,1.29,0.156,0.63,-0.263,0.59,0.295,50.0,210,0.567,32.3,1390
a_etf_all,ic_iv,ytd26,5.0,10.0,0.8425,N_range20:0.158502;G_oviv20:0.141014;F_mom121:0.123677;N_idiovol60:0.121876;H_ichimoku_alpha:0.096006;C_tmqmom:0.080295;D_ma20_dist:-0.06702;G_vr20:0.077783;F_er20:-0.075974;F_obv20:0.057852,0.229,0.333,1.56,-0.121,2.77,0.202,58.9,39,0.59,18.6,178
a_etf_all,cd_ic,is,5.0,10.0,1.285,N_range20:0.336694;G_oviv20:0.287826;F_mom121:0.264794;N_idiovol60:0.115376;H_ichimoku_alpha:0.086126;C_tmqmom:0.079699;D_ma20_dist:0.022719;G_vr20:0.077168;F_er20:0.03057;F_obv20:0.050263,0.744,0.15,0.57,-0.27,0.55,0.332,34.1,50,0.62,71.2,969
a_etf_all,cd_ic,oos,5.0,10.0,1.285,N_range20:0.336694;G_oviv20:0.287826;F_mom121:0.264794;N_idiovol60:0.115376;H_ichimoku_alpha:0.086126;C_tmqmom:0.079699;D_ma20_dist:0.022719;G_vr20:0.077168;F_er20:0.03057;F_obv20:0.050263,0.851,0.429,1.94,-0.107,4.0,0.201,44.3,53,0.642,31.9,421
a_etf_all,cd_ic,full,5.0,10.0,1.285,N_range20:0.336694;G_oviv20:0.287826;F_mom121:0.264794;N_idiovol60:0.115376;H_ichimoku_alpha:0.086126;C_tmqmom:0.079699;D_ma20_dist:0.022719;G_vr20:0.077168;F_er20:0.03057;F_obv20:0.050263,2.287,0.231,0.85,-0.27,0.86,0.298,37.0,104,0.654,62.9,1390
a_etf_all,cd_ic,ytd26,5.0,10.0,1.285,N_range20:0.336694;G_oviv20:0.287826;F_mom121:0.264794;N_idiovol60:0.115376;H_ichimoku_alpha:0.086126;C_tmqmom:0.079699;D_ma20_dist:0.022719;G_vr20:0.077168;F_er20:0.03057;F_obv20:0.050263,0.332,0.491,1.95,-0.107,4.57,0.221,53.7,20,0.65,23.9,178
a_etf_all,buyhold,is,,,,,-0.148,-0.039,-0.1,-0.393,-0.1,0.206,1.1,0,,,969
a_etf_all,buyhold,oos,,,,,0.238,0.132,0.81,-0.143,0.92,0.177,1.1,0,,,421
a_etf_all,buyhold,full,,,,,0.03,0.005,0.13,-0.393,0.01,0.198,0.9,0,,,1390
a_etf_all,buyhold,ytd26,,,,,-0.068,-0.093,-0.49,-0.143,-0.65,0.173,1.6,0,,,178
