pool,part,scheme,dim,value,n_w,agg,fold_obj,is,oos,full,ytd26,sh_full,full_ret,gap_is_oos
company_300,ref,preset,preset,,2.0,mean,1.1825,1.26,1.03,1.18,1.08,1.18,15.085,0.22999999999999998
company_300,ref,buyhold,buyhold,,,,,,,,,1.28,6.415,
company_300,shrink,cur_ic,shrink,0.0,9.0,mean,1.22,1.44,0.68,1.25,1.02,1.25,5.308,0.7599999999999999
company_300,shrink,cur_ic,shrink,0.25,9.0,mean,1.095,1.31,0.89,1.2,1.07,1.2,5.502,0.42000000000000004
company_300,shrink,cur_ic,shrink,0.5,9.0,mean,0.9375,1.15,0.86,1.08,1.14,1.08,4.645,0.2899999999999999
company_300,shrink,cur_ic,shrink,0.75,9.0,mean,0.98,1.08,0.63,0.97,1.32,0.97,4.285,0.45000000000000007
company_300,shrink,cur_ic,shrink,1.0,9.0,mean,1.0725,1.1,0.76,1.03,1.1,1.03,6.752,0.3400000000000001
company_300,thresh,cur_ic,thresh,0.5,7.0,mean,1.035,1.2,0.89,1.11,0.66,1.11,4.476,0.30999999999999994
company_300,thresh,cur_ic,thresh,0.7,9.0,mean,0.9375,1.15,0.86,1.08,1.14,1.08,4.645,0.2899999999999999
company_300,thresh,cur_ic,thresh,0.9,10.0,mean,0.8825,1.11,1.3,1.12,0.75,1.12,4.429,-0.18999999999999995
company_300,folds,cd_ic,folds=4|agg=mean,4.0,5.0,mean,2.1225,2.11,1.13,1.79,0.6,1.79,234.824,0.98
company_300,folds,cd_ic,folds=4|agg=min,4.0,4.0,min,1.62,2.07,1.23,1.77,0.54,1.77,155.88,0.8399999999999999
company_300,folds,cd_ic,folds=6|agg=mean,6.0,5.0,mean,1.9983,2.11,1.13,1.79,0.6,1.79,234.824,0.98
company_300,folds,cd_ic,folds=6|agg=min,6.0,9.0,min,0.93,1.84,0.71,1.51,0.97,1.51,27.495,1.1300000000000001
company_1000,ref,preset,preset,,2.0,mean,0.7625,0.85,0.97,0.87,1.35,0.87,15.132,-0.12
company_1000,ref,buyhold,buyhold,,,,,,,,,1.26,2.592,
company_1000,shrink,cur_ic,shrink,0.0,9.0,mean,-0.015,0.07,1.52,0.63,0.64,0.63,1.744,-1.45
company_1000,shrink,cur_ic,shrink,0.25,9.0,mean,1.0425,1.24,0.21,1.02,0.34,1.02,8.1,1.03
company_1000,shrink,cur_ic,shrink,0.5,9.0,mean,0.915,1.18,-0.45,0.84,-0.83,0.84,4.318,1.63
company_1000,shrink,cur_ic,shrink,0.75,9.0,mean,0.7575,1.07,-0.86,0.73,-1.09,0.73,3.921,1.9300000000000002
company_1000,shrink,cur_ic,shrink,1.0,9.0,mean,0.6575,0.96,-1.32,0.56,-0.41,0.56,2.093,2.2800000000000002
company_1000,thresh,cur_ic,thresh,0.5,6.0,mean,0.8475,1.02,-0.12,0.8,0.6,0.8,6.864,1.1400000000000001
company_1000,thresh,cur_ic,thresh,0.7,9.0,mean,0.915,1.18,-0.45,0.84,-0.83,0.84,4.318,1.63
company_1000,thresh,cur_ic,thresh,0.9,10.0,mean,0.62,1.02,-0.14,0.82,0.24,0.82,3.366,1.1600000000000001
company_1000,folds,cd_ic,folds=4|agg=mean,4.0,5.0,mean,1.43,1.28,0.66,1.08,-0.75,1.08,10.945,0.62
company_1000,folds,cd_ic,folds=4|agg=min,4.0,6.0,min,0.28,0.76,-0.69,0.48,-0.61,0.48,0.941,1.45
company_1000,folds,cd_ic,folds=6|agg=mean,6.0,5.0,mean,1.35,1.56,1.53,1.56,1.14,1.56,281.689,0.030000000000000027
company_1000,folds,cd_ic,folds=6|agg=min,6.0,7.0,min,0.84,1.62,1.26,1.52,0.15,1.52,188.35,0.3600000000000001
etf_3x,ref,preset,preset,,4.0,mean,0.685,0.68,1.58,1.02,1.63,1.02,7.036,-0.9
etf_3x,ref,buyhold,buyhold,,,,,,,,,0.55,1.183,
etf_3x,shrink,cur_ic,shrink,0.0,9.0,mean,0.9425,0.88,1.28,0.99,1.61,0.99,7.77,-0.4
etf_3x,shrink,cur_ic,shrink,0.25,9.0,mean,0.8775,0.85,1.35,1.03,1.47,1.03,8.189,-0.5000000000000001
etf_3x,shrink,cur_ic,shrink,0.5,9.0,mean,0.8,0.74,1.7,1.1,1.86,1.1,9.545,-0.96
etf_3x,shrink,cur_ic,shrink,0.75,9.0,mean,0.575,0.47,1.82,0.99,2.34,0.99,5.906,-1.35
etf_3x,shrink,cur_ic,shrink,1.0,9.0,mean,0.2075,0.19,1.57,0.72,1.9,0.72,2.302,-1.3800000000000001
etf_3x,thresh,cur_ic,thresh,0.5,7.0,mean,0.7225,0.77,1.53,1.05,1.41,1.05,7.143,-0.76
etf_3x,thresh,cur_ic,thresh,0.7,9.0,mean,0.8,0.74,1.7,1.1,1.86,1.1,9.545,-0.96
etf_3x,thresh,cur_ic,thresh,0.9,10.0,mean,0.5925,0.59,1.58,0.96,1.91,0.96,5.008,-0.9900000000000001
etf_3x,folds,cd_ic,folds=4|agg=mean,4.0,8.0,mean,1.15,1.01,1.28,1.13,1.37,1.13,8.396,-0.27
etf_3x,folds,cd_ic,folds=4|agg=min,4.0,5.0,min,0.59,0.63,1.57,0.98,1.6,0.98,7.996,-0.9400000000000001
etf_3x,folds,cd_ic,folds=6|agg=mean,6.0,6.0,mean,1.0233,1.02,1.68,1.24,1.57,1.24,15.709,-0.6599999999999999
etf_3x,folds,cd_ic,folds=6|agg=min,6.0,7.0,min,-0.13,0.34,1.0,0.54,2.31,0.54,1.284,-0.6599999999999999
hs300,ref,preset,preset,,3.0,mean,1.0425,1.05,1.16,1.07,0.45,1.07,6.13,-0.10999999999999988
hs300,ref,buyhold,buyhold,,,,,,,,,0.64,0.822,
hs300,shrink,cur_ic,shrink,0.0,9.0,mean,0.025,0.02,-0.55,-0.12,-2.05,-0.12,-0.211,0.5700000000000001
hs300,shrink,cur_ic,shrink,0.25,9.0,mean,0.36,0.38,0.38,0.35,-1.24,0.35,0.315,0.0
hs300,shrink,cur_ic,shrink,0.5,9.0,mean,0.7775,0.92,0.72,0.85,0.03,0.85,1.467,0.20000000000000007
hs300,shrink,cur_ic,shrink,0.75,9.0,mean,0.855,0.94,0.4,0.75,0.28,0.75,1.909,0.5399999999999999
hs300,shrink,cur_ic,shrink,1.0,9.0,mean,0.24,0.4,0.69,0.49,0.14,0.49,0.927,-0.2899999999999999
hs300,thresh,cur_ic,thresh,0.5,7.0,mean,0.4375,0.59,0.74,0.62,-0.19,0.62,0.803,-0.15000000000000002
hs300,thresh,cur_ic,thresh,0.7,9.0,mean,0.7775,0.92,0.72,0.85,0.03,0.85,1.467,0.20000000000000007
hs300,thresh,cur_ic,thresh,0.9,10.0,mean,0.885,1.06,0.32,0.89,-0.16,0.89,1.651,0.74
hs300,folds,cd_ic,folds=4|agg=mean,4.0,8.0,mean,1.34,1.42,1.79,1.51,0.81,1.51,34.49,-0.3700000000000001
hs300,folds,cd_ic,folds=4|agg=min,4.0,8.0,min,0.63,1.17,0.38,0.97,-1.26,0.97,1.937,0.7899999999999999
hs300,folds,cd_ic,folds=6|agg=mean,6.0,8.0,mean,1.32,1.44,1.68,1.49,0.72,1.49,32.739,-0.24
hs300,folds,cd_ic,folds=6|agg=min,6.0,7.0,min,0.59,0.72,-0.25,0.56,-2.01,0.56,1.873,0.97
a_etf_all,ref,preset,preset,,2.0,mean,1.415,0.66,1.59,0.73,2.18,0.73,2.719,-0.93
a_etf_all,ref,buyhold,buyhold,,,,,,,,,0.13,0.03,
a_etf_all,shrink,cur_ic,shrink,0.0,10.0,mean,1.0625,0.61,1.41,0.86,1.62,0.86,1.209,-0.7999999999999999
a_etf_all,shrink,cur_ic,shrink,0.25,10.0,mean,1.205,0.73,1.78,1.05,1.45,1.05,1.747,-1.05
a_etf_all,shrink,cur_ic,shrink,0.5,10.0,mean,0.75,0.65,1.5,0.95,0.75,0.95,1.131,-0.85
a_etf_all,shrink,cur_ic,shrink,0.75,10.0,mean,0.4975,0.45,1.0,0.65,-0.42,0.65,0.797,-0.55
a_etf_all,shrink,cur_ic,shrink,1.0,10.0,mean,0.175,0.12,0.43,0.23,-1.08,0.23,0.161,-0.31
a_etf_all,thresh,cur_ic,thresh,0.5,7.0,mean,0.65,0.56,1.45,0.84,1.14,0.84,1.358,-0.8899999999999999
a_etf_all,thresh,cur_ic,thresh,0.7,10.0,mean,0.75,0.65,1.5,0.95,0.75,0.95,1.131,-0.85
a_etf_all,thresh,cur_ic,thresh,0.9,10.0,mean,0.75,0.65,1.5,0.95,0.75,0.95,1.131,-0.85
a_etf_all,folds,cd_ic,folds=4|agg=mean,4.0,10.0,mean,1.285,0.57,1.94,0.85,1.95,0.85,2.287,-1.37
a_etf_all,folds,cd_ic,folds=4|agg=min,4.0,5.0,min,0.48,0.58,0.52,0.57,-0.71,0.57,0.839,0.05999999999999994
a_etf_all,folds,cd_ic,folds=6|agg=mean,6.0,6.0,mean,1.3867,0.67,1.51,0.77,1.82,0.77,3.108,-0.84
a_etf_all,folds,cd_ic,folds=6|agg=min,6.0,8.0,min,-0.47,0.29,0.19,0.26,-0.62,0.26,0.151,0.09999999999999998
