kind,cost_bps,sharpe,total_ret,excess_bh,cagr,max_dd,ann_turnover,breakeven_bps
equal,0.0,1.2,1.243,0.9940000000000001,0.597,-0.406,126.7,39.82504604051565
equal,10.0,0.95,0.816,0.567,0.413,-0.422,126.7,39.82504604051565
equal,25.0,0.58,0.322,0.07300000000000001,0.176,-0.446,126.7,39.82504604051565
equal,50.0,-0.03,-0.221,-0.47,-0.135,-0.495,126.7,39.82504604051565
dir,0.0,0.02,-0.044,-0.293,-0.026,-0.353,117.7,
dir,10.0,-0.43,-0.214,-0.46299999999999997,-0.13,-0.364,117.7,
dir,25.0,-1.1,-0.415,-0.6639999999999999,-0.267,-0.424,117.7,
dir,50.0,-2.19,-0.642,-0.891,-0.449,-0.643,117.7,
ic,0.0,0.64,0.121,-0.128,0.069,-0.197,165.9,4.464944649446494
ic,10.0,-0.78,-0.15,-0.399,-0.09,-0.288,165.9,4.464944649446494
ic,25.0,-2.98,-0.439,-0.688,-0.285,-0.475,165.9,4.464944649446494
ic,50.0,-6.73,-0.72,-0.969,-0.522,-0.723,165.9,4.464944649446494
greedy,0.0,1.23,0.703,0.45399999999999996,0.362,-0.203,215.1,15.745967741935484
greedy,10.0,0.5,0.19,-0.059,0.106,-0.216,215.1,15.745967741935484
greedy,25.0,-0.6,-0.306,-0.5549999999999999,-0.191,-0.415,215.1,15.745967741935484
greedy,50.0,-2.47,-0.718,-0.967,-0.52,-0.739,215.1,15.745967741935484
single:vol_60,0.0,1.43,1.923,1.674,0.862,-0.32,10.7,
single:vol_60,10.0,1.41,1.872,1.6230000000000002,0.843,-0.321,10.7,
single:vol_60,25.0,1.38,1.796,1.5470000000000002,0.815,-0.322,10.7,
single:vol_60,50.0,1.34,1.674,1.4249999999999998,0.769,-0.324,10.7,
shuffle(equal),0.0,0.96,0.556,0.30700000000000005,0.292,-0.334,468.6,6.587677725118484
shuffle(equal),10.0,-0.44,-0.288,-0.5369999999999999,-0.179,-0.45,468.6,6.587677725118484
shuffle(equal),25.0,-2.56,-0.78,-1.029,-0.585,-0.78,468.6,6.587677725118484
shuffle(equal),50.0,-6.09,-0.969,-1.218,-0.867,-0.969,468.6,6.587677725118484
