kind,window,n_fac,n_days,total_ret,cagr,vol,sharpe,max_dd,calmar,ann_turnover,n_trades,win_rate,avg_ret,avg_days
equal,IS,41,969,-0.128,-0.034,0.286,0.02,-0.397,-0.08,71.3,670,0.454,0.0014,7.2
equal,OOS,41,421,-0.163,-0.098,0.399,-0.07,-0.528,-0.19,68.8,276,0.482,0.0008,7.5
dir,IS,41,969,-0.354,-0.104,0.26,-0.31,-0.461,-0.22,83.4,785,0.437,-0.0004,6.1
dir,OOS,41,421,0.139,0.079,0.348,0.4,-0.488,0.16,92.5,376,0.521,0.0048,5.5
ic,IS,41,969,0.487,0.105,0.338,0.44,-0.259,0.4,80.2,754,0.554,0.0027,6.4
ic,OOS,41,421,0.272,0.15,0.23,0.74,-0.192,0.78,115.2,472,0.621,0.0042,4.3
greedy,IS,5,969,-0.036,-0.009,0.212,0.06,-0.325,-0.03,114.1,1078,0.555,0.0021,4.5
greedy,OOS,5,421,0.244,0.135,0.401,0.51,-0.285,0.47,141.2,576,0.516,0.0024,3.6
single:streak,IS,1,969,-0.818,-0.348,0.243,-1.7,-0.823,-0.42,245.0,2343,0.388,-0.0014,2.1
single:streak,OOS,1,421,-0.545,-0.366,0.279,-1.55,-0.596,-0.61,252.4,1046,0.412,-0.0016,2.0
shuffle(equal),IS,41,969,-0.703,-0.262,0.237,-1.22,-0.772,-0.34,377.8,3265,0.471,0.0004,1.2
shuffle(equal),OOS,41,421,-0.511,-0.34,0.231,-1.74,-0.519,-0.66,418.2,1724,0.5,0.0002,1.2
buyhold,IS,98,969,-0.148,-0.039,0.206,-0.1,-0.393,-0.1,1.1,0,,,
buyhold,OOS,98,421,0.238,0.132,0.177,0.81,-0.143,0.92,1.1,0,,,
