fold,scheme,n_fac,train_start,test_start,train_rank_ic,test_rank_ic
1,equal,40,2021-01-04,2021-10-20,0.0404,0.0484
1,dir,40,2021-01-04,2021-10-20,0.0293,0.0313
1,ic,40,2021-01-04,2021-10-20,0.0602,0.0379
1,greedy,7,2021-01-04,2021-10-20,0.0884,0.0307
2,equal,40,2021-01-04,2022-08-09,0.049,0.0173
2,dir,40,2021-01-04,2022-08-09,0.036,0.0252
2,ic,40,2021-01-04,2022-08-09,0.0542,0.0292
2,greedy,8,2021-01-04,2022-08-09,0.0739,0.0335
3,equal,40,2021-01-04,2023-05-26,0.038,0.0566
3,dir,40,2021-01-04,2023-05-26,0.0307,0.0538
3,ic,40,2021-01-04,2023-05-26,0.048,0.055
3,greedy,6,2021-01-04,2023-05-26,0.0593,0.0358
4,equal,39,2021-01-04,2024-03-15,0.0398,0.0223
4,dir,39,2021-01-04,2024-03-15,0.0358,0.0192
4,ic,39,2021-01-04,2024-03-15,0.0495,0.0243
4,greedy,6,2021-01-04,2024-03-15,0.0574,0.0233
