,mom_20,mom_60,mom_120,mom_12_1,mom_sharpe_120,rel_mom_60,rev_5,rev_10,rsi_dev_14,vol_20,vol_60,downside_vol_60,bbw_20,max_ret_20,kurt_60,vratio_20,vratio_60,obv_20,bias_20,bias_60,slope_20,dd_60,hi_252,er_20,hihits_60,martin_60,streak,H_ichimoku_alpha,H_trendmag_alpha,H_adxval_alpha,H_adxstr_alpha,H_adxdist_alpha,H_adxpow_alpha,H_atr_alpha,H_trpct_alpha,H_bbw_alpha,H_rsidev_alpha,H_kamadist_alpha,H_gapdist_alpha,H_body_alpha,H_shadow_alpha,H_volratio_alpha,H_volchg_alpha,H_entitydiff_alpha,H_pos_alpha,H_trigger_alpha,H_pattern_alpha,H_er_alpha,R_resmom121,I_id60,G_parkcc20,G_oviv20,G_vr20,G_dnbeta60,K_mom_er,K_mom_poolvolq
mom_20,1.0,0.486,0.357,0.053,0.357,0.486,-0.436,-0.648,0.799,0.119,0.044,-0.074,0.05,0.299,0.024,0.084,0.153,0.613,0.805,0.775,0.59,0.6,0.388,-0.009,0.218,0.487,0.188,-0.022,0.036,0.037,0.053,0.054,0.005,0.267,0.117,0.087,0.016,0.055,0.016,0.014,-0.014,0.044,0.05,0.033,-0.013,0.014,-0.027,-0.014,0.022,-0.02,-0.053,0.012,0.042,-0.001,0.524,0.285
mom_60,0.486,1.0,0.653,0.324,0.628,1.0,-0.24,-0.335,0.555,0.146,0.12,-0.062,0.092,0.187,-0.001,0.015,0.066,0.324,0.403,0.801,0.632,0.601,0.544,0.01,0.649,0.889,0.123,0.058,0.036,0.023,0.015,0.01,0.003,0.443,0.127,0.109,0.009,0.054,0.029,0.007,-0.007,-0.018,0.04,0.014,-0.013,-0.013,-0.033,0.01,0.407,0.042,-0.009,0.068,0.091,0.04,0.861,0.566
mom_120,0.357,0.653,1.0,0.577,0.942,0.653,-0.176,-0.246,0.411,0.176,0.191,0.084,0.101,0.171,-0.079,0.016,0.025,0.256,0.296,0.547,0.448,0.355,0.616,-0.003,0.6,0.613,0.111,0.044,0.021,-0.004,-0.006,0.004,-0.007,0.497,0.098,0.07,-0.02,0.011,0.048,0.014,-0.014,-0.022,0.031,0.006,-0.013,-0.015,-0.025,-0.007,0.339,0.027,-0.046,0.113,0.224,0.061,0.577,0.364
mom_12_1,0.053,0.324,0.577,1.0,0.557,0.324,-0.031,-0.037,0.123,0.163,0.195,0.176,0.101,0.096,-0.076,-0.008,-0.013,0.046,0.042,0.196,0.195,0.091,0.467,-0.007,0.371,0.293,0.03,0.0,-0.006,-0.039,-0.018,-0.006,-0.024,0.381,0.007,0.005,-0.042,-0.037,0.038,0.01,-0.01,-0.045,-0.002,-0.027,-0.014,-0.015,-0.011,-0.015,0.285,0.06,-0.1,0.159,0.146,0.054,0.267,0.233
mom_sharpe_120,0.357,0.628,0.942,0.557,1.0,0.628,-0.178,-0.248,0.437,0.174,0.187,0.077,0.095,0.173,-0.065,0.015,0.026,0.269,0.299,0.538,0.44,0.379,0.629,-0.002,0.632,0.642,0.115,0.05,0.029,-0.003,-0.009,0.009,-0.012,0.494,0.098,0.069,-0.009,0.03,0.037,0.013,-0.013,-0.025,0.035,0.005,-0.014,-0.013,-0.025,-0.002,0.353,0.022,-0.072,0.134,0.2,0.055,0.576,0.366
rel_mom_60,0.486,1.0,0.653,0.324,0.628,1.0,-0.24,-0.335,0.555,0.146,0.12,-0.062,0.092,0.187,-0.001,0.015,0.066,0.324,0.403,0.801,0.632,0.601,0.544,0.01,0.649,0.889,0.123,0.058,0.036,0.023,0.015,0.01,0.003,0.443,0.127,0.109,0.009,0.054,0.029,0.007,-0.007,-0.018,0.04,0.014,-0.013,-0.013,-0.033,0.01,0.407,0.042,-0.009,0.068,0.091,0.04,0.861,0.566
rev_5,-0.436,-0.24,-0.176,-0.031,-0.178,-0.24,1.0,0.647,-0.623,-0.034,-0.01,0.054,-0.018,-0.119,-0.019,-0.149,-0.136,-0.317,-0.702,-0.41,-0.084,-0.394,-0.223,-0.038,-0.067,-0.243,-0.385,0.006,-0.045,-0.039,-0.03,-0.02,0.009,-0.087,-0.073,-0.03,-0.04,-0.018,-0.005,-0.008,0.007,-0.107,-0.063,-0.052,0.024,-0.027,0.034,-0.038,-0.012,0.004,0.04,-0.005,-0.025,0.013,-0.274,-0.154
rev_10,-0.648,-0.335,-0.246,-0.037,-0.248,-0.335,0.647,1.0,-0.764,-0.066,-0.026,0.062,-0.029,-0.192,-0.027,-0.145,-0.153,-0.445,-0.888,-0.573,-0.217,-0.492,-0.293,-0.037,-0.114,-0.339,-0.274,0.012,-0.038,-0.05,-0.045,-0.045,0.012,-0.157,-0.1,-0.045,-0.031,-0.033,-0.011,-0.007,0.007,-0.095,-0.059,-0.043,0.017,-0.026,0.042,-0.032,-0.01,0.007,0.045,-0.006,-0.034,0.011,-0.381,-0.206
rsi_dev_14,0.799,0.555,0.411,0.123,0.437,0.555,-0.623,-0.764,1.0,0.103,0.036,-0.096,0.039,0.251,0.016,0.118,0.167,0.581,0.874,0.812,0.517,0.689,0.452,0.007,0.289,0.588,0.326,-0.009,0.047,0.035,0.04,0.049,-0.011,0.261,0.13,0.073,0.021,0.04,0.016,0.014,-0.014,0.071,0.065,0.04,-0.021,0.03,-0.049,0.012,0.108,-0.001,-0.059,0.036,0.039,0.009,0.598,0.317
vol_20,0.119,0.146,0.176,0.163,0.174,0.146,-0.034,-0.066,0.103,1.0,0.851,0.776,0.694,0.828,-0.053,0.046,0.155,0.073,0.071,0.129,0.141,-0.269,-0.171,-0.042,0.171,0.176,-0.001,0.09,0.051,-0.001,0.02,0.071,0.022,0.359,0.303,0.198,-0.051,0.051,0.046,0.043,-0.042,0.074,0.181,0.062,-0.014,-0.118,-0.013,-0.062,0.045,-0.005,-0.248,-0.134,0.18,-0.035,0.142,0.157
vol_60,0.044,0.12,0.191,0.195,0.187,0.12,-0.01,-0.026,0.036,0.851,1.0,0.915,0.622,0.687,-0.003,0.025,0.054,0.025,0.021,0.056,0.063,-0.358,-0.234,0.006,0.157,0.149,-0.009,0.066,0.022,-0.023,-0.052,0.031,0.004,0.262,0.246,0.078,-0.047,-0.004,0.028,0.023,-0.023,0.07,0.147,0.051,-0.014,-0.114,-0.014,-0.015,0.06,0.033,-0.098,-0.072,0.213,-0.046,0.105,0.123
downside_vol_60,-0.074,-0.062,0.084,0.176,0.077,-0.062,0.054,0.062,-0.096,0.776,0.915,1.0,0.577,0.565,-0.013,0.012,0.026,-0.018,-0.083,-0.109,-0.066,-0.478,-0.311,-0.005,0.04,-0.04,-0.019,0.058,0.018,-0.033,-0.059,0.031,0.003,0.17,0.202,0.051,-0.059,-0.014,0.03,0.024,-0.024,0.058,0.121,0.047,-0.011,-0.109,-0.007,-0.024,-0.023,0.026,-0.099,-0.073,0.196,0.089,-0.067,0.021
bbw_20,0.05,0.092,0.101,0.101,0.095,0.092,-0.018,-0.029,0.039,0.694,0.622,0.577,1.0,0.563,-0.042,0.065,0.163,0.032,0.02,0.068,0.091,-0.248,-0.183,0.391,0.181,0.087,0.003,0.371,0.159,0.344,0.299,0.095,0.129,0.297,0.259,0.594,0.278,0.159,0.049,0.015,-0.014,0.079,0.145,0.054,-0.012,-0.233,-0.039,0.345,0.034,-0.075,-0.073,-0.091,0.187,-0.03,0.072,0.1
max_ret_20,0.299,0.187,0.171,0.096,0.173,0.187,-0.119,-0.192,0.251,0.828,0.687,0.565,0.563,1.0,0.049,0.059,0.173,0.129,0.225,0.248,0.223,-0.101,-0.098,-0.056,0.151,0.228,0.003,0.053,0.039,-0.015,0.02,0.074,0.016,0.336,0.268,0.185,-0.047,0.074,0.042,0.021,-0.021,0.068,0.169,0.053,-0.012,-0.091,-0.017,-0.078,0.025,-0.028,-0.244,-0.122,0.13,-0.116,0.206,0.173
kurt_60,0.024,-0.001,-0.079,-0.076,-0.065,-0.001,-0.019,-0.027,0.016,-0.053,-0.003,-0.013,-0.042,0.049,1.0,-0.019,-0.004,0.022,0.024,0.015,-0.0,0.001,-0.049,0.019,-0.025,0.032,0.001,0.018,-0.036,0.009,0.021,-0.023,0.024,-0.038,-0.115,0.045,-0.011,0.015,0.016,-0.032,0.032,-0.047,0.005,-0.059,-0.0,0.015,0.0,0.014,-0.012,-0.036,-0.052,0.044,-0.121,-0.077,0.003,-0.01
vratio_20,0.084,0.015,0.016,-0.008,0.015,0.015,-0.149,-0.145,0.118,0.046,0.025,0.012,0.065,0.059,-0.019,1.0,0.819,0.038,0.148,0.057,-0.019,0.051,0.013,0.092,-0.006,0.017,0.113,-0.015,0.2,0.094,0.052,0.115,-0.018,0.065,0.286,0.043,0.143,0.045,0.004,0.105,-0.105,0.73,0.279,0.094,0.08,0.02,0.002,0.082,-0.024,-0.043,-0.006,-0.03,-0.007,-0.001,0.029,-0.003
vratio_60,0.153,0.066,0.025,-0.013,0.026,0.066,-0.136,-0.153,0.167,0.155,0.054,0.026,0.163,0.173,-0.004,0.819,1.0,0.08,0.172,0.131,0.084,0.069,0.024,0.092,0.036,0.074,0.094,0.048,0.2,0.126,0.141,0.125,0.026,0.167,0.3,0.138,0.141,0.105,0.016,0.084,-0.084,0.639,0.352,0.094,0.063,-0.006,-0.006,0.09,-0.008,-0.075,-0.019,-0.051,-0.023,0.01,0.083,0.026
obv_20,0.613,0.324,0.256,0.046,0.269,0.324,-0.317,-0.445,0.581,0.073,0.025,-0.018,0.032,0.129,0.022,0.038,0.08,1.0,0.531,0.497,0.362,0.431,0.288,-0.012,0.19,0.349,0.266,-0.026,0.038,0.012,0.013,0.04,0.001,0.168,0.078,0.054,0.01,0.012,0.032,0.022,-0.022,-0.005,0.028,0.005,-0.011,0.018,-0.017,-0.011,0.002,0.025,-0.021,0.028,0.009,0.092,0.373,0.174
bias_20,0.805,0.403,0.296,0.042,0.299,0.403,-0.702,-0.888,0.874,0.071,0.021,-0.083,0.02,0.225,0.024,0.148,0.172,0.531,1.0,0.686,0.325,0.585,0.355,0.028,0.148,0.406,0.316,-0.022,0.042,0.051,0.053,0.053,-0.011,0.196,0.118,0.05,0.034,0.038,0.013,0.013,-0.013,0.094,0.064,0.046,-0.023,0.031,-0.043,0.026,0.013,-0.014,-0.047,0.008,0.042,-0.006,0.456,0.245
bias_60,0.775,0.801,0.547,0.196,0.538,0.801,-0.41,-0.573,0.812,0.129,0.056,-0.109,0.068,0.248,0.015,0.057,0.131,0.497,0.686,1.0,0.792,0.752,0.538,0.005,0.434,0.748,0.191,0.029,0.046,0.033,0.045,0.031,0.0,0.402,0.144,0.115,0.013,0.077,0.022,0.008,-0.008,0.016,0.046,0.026,-0.015,0.008,-0.038,0.005,0.271,0.007,-0.03,0.04,0.07,0.027,0.745,0.452
slope_20,0.59,0.632,0.448,0.195,0.44,0.632,-0.084,-0.217,0.517,0.141,0.063,-0.066,0.091,0.223,-0.0,-0.019,0.084,0.362,0.325,0.792,1.0,0.566,0.425,-0.014,0.368,0.596,0.03,0.038,0.029,0.015,0.041,0.025,0.004,0.356,0.094,0.13,0.0,0.079,0.008,0.003,-0.003,-0.034,0.023,0.008,-0.007,-0.015,-0.017,-0.014,0.244,0.001,-0.018,0.035,0.063,0.023,0.574,0.345
dd_60,0.6,0.601,0.355,0.091,0.379,0.601,-0.394,-0.492,0.689,-0.269,-0.358,-0.478,-0.248,-0.101,0.001,0.051,0.069,0.431,0.585,0.752,0.566,1.0,0.613,0.022,0.263,0.549,0.214,-0.031,0.045,0.068,0.011,-0.005,-0.043,0.185,-0.001,0.022,0.105,0.024,-0.006,0.001,-0.001,-0.001,-0.024,0.007,-0.001,0.041,-0.034,0.042,0.188,0.048,0.009,0.079,-0.077,0.059,0.573,0.326
hi_252,0.388,0.544,0.616,0.467,0.629,0.544,-0.223,-0.293,0.452,-0.171,-0.234,-0.311,-0.183,-0.098,-0.049,0.013,0.024,0.288,0.355,0.538,0.425,0.613,1.0,-0.026,0.45,0.496,0.129,0.049,0.041,0.025,0.024,0.031,-0.01,0.474,0.079,0.119,0.044,0.091,0.094,0.006,-0.006,-0.069,-0.04,-0.019,-0.011,0.042,-0.009,0.013,0.26,0.041,-0.07,0.168,0.042,0.065,0.507,0.327
er_20,-0.009,0.01,-0.003,-0.007,-0.002,0.01,-0.038,-0.037,0.007,-0.042,0.006,-0.005,0.391,-0.056,0.019,0.092,0.092,-0.012,0.028,0.005,-0.014,0.022,-0.026,1.0,0.09,-0.032,0.02,0.438,0.21,0.548,0.388,-0.002,0.094,0.029,0.06,0.402,0.619,0.126,0.015,0.004,-0.005,0.074,0.035,0.039,0.011,-0.216,-0.065,0.937,0.02,-0.094,0.151,0.009,0.101,-0.009,-0.005,0.008
hihits_60,0.218,0.649,0.6,0.371,0.632,0.649,-0.067,-0.114,0.289,0.171,0.157,0.04,0.181,0.151,-0.025,-0.006,0.036,0.19,0.148,0.434,0.368,0.263,0.45,0.09,1.0,0.664,0.048,0.171,0.063,0.093,0.136,0.023,0.066,0.447,0.119,0.2,0.076,0.102,0.026,0.017,-0.017,-0.041,0.035,-0.002,-0.007,-0.059,-0.029,0.082,0.37,-0.049,-0.065,0.107,0.152,0.041,0.593,0.398
martin_60,0.487,0.889,0.613,0.293,0.642,0.889,-0.243,-0.339,0.588,0.176,0.149,-0.04,0.087,0.228,0.032,0.017,0.074,0.349,0.406,0.748,0.596,0.549,0.496,-0.032,0.664,1.0,0.133,0.034,0.014,-0.034,0.001,0.009,0.006,0.433,0.111,0.092,-0.048,0.109,0.019,0.005,-0.005,-0.016,0.049,0.004,-0.015,-0.001,-0.032,-0.037,0.389,0.008,-0.053,0.091,0.052,-0.006,0.815,0.519
streak,0.188,0.123,0.111,0.03,0.115,0.123,-0.385,-0.274,0.326,-0.001,-0.009,-0.019,0.003,0.003,0.001,0.113,0.094,0.266,0.316,0.191,0.03,0.214,0.129,0.02,0.048,0.133,1.0,0.004,0.031,0.013,0.012,0.011,-0.001,0.03,0.043,0.012,0.018,0.002,0.001,0.034,-0.034,0.082,0.023,0.011,-0.04,0.023,-0.076,0.023,0.017,0.013,-0.014,0.008,0.014,0.042,0.141,0.073
H_ichimoku_alpha,-0.022,0.058,0.044,0.0,0.05,0.058,0.006,0.012,-0.009,0.09,0.066,0.058,0.371,0.053,0.018,-0.015,0.048,-0.026,-0.022,0.029,0.038,-0.031,0.049,0.438,0.171,0.034,0.004,1.0,0.204,0.339,0.321,-0.032,0.096,0.213,0.161,0.481,0.232,0.175,0.077,0.002,0.003,0.011,0.024,0.015,-0.009,-0.096,-0.005,0.436,0.071,-0.078,0.059,-0.012,0.085,-0.0,0.037,0.047
H_trendmag_alpha,0.036,0.036,0.021,-0.006,0.029,0.036,-0.045,-0.038,0.047,0.051,0.022,0.018,0.159,0.039,-0.036,0.2,0.2,0.038,0.042,0.046,0.029,0.045,0.041,0.21,0.063,0.014,0.031,0.204,1.0,0.256,0.211,0.258,0.078,0.092,0.339,0.198,0.281,0.08,0.042,0.143,-0.14,0.203,0.102,0.139,0.169,-0.036,-0.014,0.22,-0.01,-0.056,0.011,-0.021,0.029,0.016,0.029,0.022
H_adxval_alpha,0.037,0.023,-0.004,-0.039,-0.003,0.023,-0.039,-0.05,0.035,-0.001,-0.023,-0.033,0.344,-0.015,0.009,0.094,0.126,0.012,0.051,0.033,0.015,0.068,0.025,0.548,0.093,-0.034,0.013,0.339,0.256,1.0,0.634,0.038,0.041,0.054,0.088,0.44,0.633,0.191,0.039,0.006,-0.006,0.108,0.056,0.069,0.006,-0.238,-0.048,0.567,-0.039,-0.09,0.055,0.007,0.031,0.018,0.012,0.029
H_adxstr_alpha,0.053,0.015,-0.006,-0.018,-0.009,0.015,-0.03,-0.045,0.04,0.02,-0.052,-0.059,0.299,0.02,0.021,0.052,0.141,0.013,0.053,0.045,0.041,0.011,0.024,0.388,0.136,0.001,0.012,0.321,0.211,0.634,1.0,0.081,0.197,0.077,0.061,0.388,0.389,0.219,-0.003,0.006,-0.006,0.06,0.064,0.033,-0.008,-0.155,-0.058,0.386,-0.017,-0.144,0.045,-0.009,0.095,-0.014,0.012,0.067
H_adxdist_alpha,0.054,0.01,0.004,-0.006,0.009,0.01,-0.02,-0.045,0.049,0.071,0.031,0.031,0.095,0.074,-0.023,0.115,0.125,0.04,0.053,0.031,0.025,-0.005,0.031,-0.002,0.023,0.009,0.011,-0.032,0.258,0.038,0.081,1.0,0.069,0.081,0.166,0.124,0.107,0.056,0.058,0.02,-0.02,0.144,0.081,0.096,0.016,-0.093,-0.024,0.013,-0.047,-0.029,-0.059,-0.004,0.007,0.018,0.013,0.014
H_adxpow_alpha,0.005,0.003,-0.007,-0.024,-0.012,0.003,0.009,0.012,-0.011,0.022,0.004,0.003,0.129,0.016,0.024,-0.018,0.026,0.001,-0.011,0.0,0.004,-0.043,-0.01,0.094,0.066,0.006,-0.001,0.096,0.078,0.041,0.197,0.069,1.0,0.05,0.015,0.158,0.062,0.114,0.028,-0.032,0.032,0.002,0.012,0.009,-0.036,-0.083,-0.089,0.1,-0.0,-0.071,0.041,-0.009,0.003,-0.01,0.005,0.04
H_atr_alpha,0.267,0.443,0.497,0.381,0.494,0.443,-0.087,-0.157,0.261,0.359,0.262,0.17,0.297,0.336,-0.038,0.065,0.167,0.168,0.196,0.402,0.356,0.185,0.474,0.029,0.447,0.433,0.03,0.213,0.092,0.054,0.077,0.081,0.05,1.0,0.477,0.423,0.031,0.198,0.134,0.041,-0.042,-0.005,0.061,0.024,-0.006,-0.047,0.005,0.027,0.271,0.0,-0.041,-0.049,0.158,0.03,0.397,0.279
H_trpct_alpha,0.117,0.127,0.098,0.007,0.098,0.127,-0.073,-0.1,0.13,0.303,0.246,0.202,0.259,0.268,-0.115,0.286,0.3,0.078,0.118,0.144,0.094,-0.001,0.079,0.06,0.119,0.111,0.043,0.161,0.339,0.088,0.061,0.166,0.015,0.477,1.0,0.288,0.117,0.136,0.115,0.216,-0.217,0.284,0.14,0.124,0.107,0.085,0.067,0.079,0.064,-0.029,0.04,-0.139,0.084,-0.007,0.124,0.098
H_bbw_alpha,0.087,0.109,0.07,0.005,0.069,0.109,-0.03,-0.045,0.073,0.198,0.078,0.051,0.594,0.185,0.045,0.043,0.138,0.054,0.05,0.115,0.13,0.022,0.119,0.402,0.2,0.092,0.012,0.481,0.198,0.44,0.388,0.124,0.158,0.423,0.288,1.0,0.373,0.281,0.131,0.009,-0.009,0.023,0.043,0.012,0.003,-0.183,-0.024,0.413,0.035,-0.077,-0.052,-0.04,-0.007,-0.009,0.088,0.08
H_rsidev_alpha,0.016,0.009,-0.02,-0.042,-0.009,0.009,-0.04,-0.031,0.021,-0.051,-0.047,-0.059,0.278,-0.047,-0.011,0.143,0.141,0.01,0.034,0.013,0.0,0.105,0.044,0.619,0.076,-0.048,0.018,0.232,0.281,0.633,0.389,0.107,0.062,0.031,0.117,0.373,1.0,0.169,0.032,0.026,-0.025,0.134,0.067,0.081,0.037,-0.242,-0.092,0.638,-0.019,-0.129,0.104,-0.0,0.037,0.003,0.006,0.002
H_kamadist_alpha,0.055,0.054,0.011,-0.037,0.03,0.054,-0.018,-0.033,0.04,0.051,-0.004,-0.014,0.159,0.074,0.015,0.045,0.105,0.012,0.038,0.077,0.079,0.024,0.091,0.126,0.102,0.109,0.002,0.175,0.08,0.191,0.219,0.056,0.114,0.198,0.136,0.281,0.169,1.0,0.058,0.005,-0.006,0.029,0.035,0.02,0.009,-0.105,-0.039,0.14,0.044,-0.243,-0.015,-0.018,-0.102,-0.03,0.06,0.116
H_gapdist_alpha,0.016,0.029,0.048,0.038,0.037,0.029,-0.005,-0.011,0.016,0.046,0.028,0.03,0.049,0.042,0.016,0.004,0.016,0.032,0.013,0.022,0.008,-0.006,0.094,0.015,0.026,0.019,0.001,0.077,0.042,0.039,-0.003,0.058,0.028,0.134,0.115,0.131,0.032,0.058,1.0,0.0,-0.0,0.011,-0.027,0.021,0.005,-0.005,0.029,0.039,-0.006,0.015,-0.002,0.034,0.016,0.057,0.022,0.013
H_body_alpha,0.014,0.007,0.014,0.01,0.013,0.007,-0.008,-0.007,0.014,0.043,0.023,0.024,0.015,0.021,-0.032,0.105,0.084,0.022,0.013,0.008,0.003,0.001,0.006,0.004,0.017,0.005,0.034,0.002,0.143,0.006,0.006,0.02,-0.032,0.041,0.216,0.009,0.026,0.005,0.0,1.0,-0.994,0.084,0.02,-0.149,0.156,0.108,0.035,0.005,0.001,-0.008,-0.054,-0.036,0.006,0.009,0.007,0.016
H_shadow_alpha,-0.014,-0.007,-0.014,-0.01,-0.013,-0.007,0.007,0.007,-0.014,-0.042,-0.023,-0.024,-0.014,-0.021,0.032,-0.105,-0.084,-0.022,-0.013,-0.008,-0.003,-0.001,-0.006,-0.005,-0.017,-0.005,-0.034,0.003,-0.14,-0.006,-0.006,-0.02,0.032,-0.042,-0.217,-0.009,-0.025,-0.006,-0.0,-0.994,1.0,-0.083,-0.025,0.149,-0.155,-0.11,-0.036,-0.005,-0.001,0.008,0.054,0.035,-0.006,-0.009,-0.007,-0.016
H_volratio_alpha,0.044,-0.018,-0.022,-0.045,-0.025,-0.018,-0.107,-0.095,0.071,0.074,0.07,0.058,0.079,0.068,-0.047,0.73,0.639,-0.005,0.094,0.016,-0.034,-0.001,-0.069,0.074,-0.041,-0.016,0.082,0.011,0.203,0.108,0.06,0.144,0.002,-0.005,0.284,0.023,0.134,0.029,0.011,0.084,-0.083,1.0,0.301,0.151,0.061,0.012,0.008,0.094,-0.049,-0.034,0.004,-0.044,0.017,-0.004,-0.007,-0.015
H_volchg_alpha,0.05,0.04,0.031,-0.002,0.035,0.04,-0.063,-0.059,0.065,0.181,0.147,0.121,0.145,0.169,0.005,0.279,0.352,0.028,0.064,0.046,0.023,-0.024,-0.04,0.035,0.035,0.049,0.023,0.024,0.102,0.056,0.064,0.081,0.012,0.061,0.14,0.043,0.067,0.035,-0.027,0.02,-0.025,0.301,1.0,0.102,-0.018,-0.012,0.002,0.032,0.016,-0.023,0.014,-0.071,0.025,-0.021,0.041,0.015
H_entitydiff_alpha,0.033,0.014,0.006,-0.027,0.005,0.014,-0.052,-0.043,0.04,0.062,0.051,0.047,0.054,0.053,-0.059,0.094,0.094,0.005,0.046,0.026,0.008,0.007,-0.019,0.039,-0.002,0.004,0.011,0.015,0.139,0.069,0.033,0.096,0.009,0.024,0.124,0.012,0.081,0.02,0.021,-0.149,0.149,0.151,0.102,1.0,-0.015,0.034,0.012,0.057,-0.024,-0.015,0.005,-0.06,0.032,0.033,0.022,0.018
H_pos_alpha,-0.013,-0.013,-0.013,-0.014,-0.014,-0.013,0.024,0.017,-0.021,-0.014,-0.014,-0.011,-0.012,-0.012,-0.0,0.08,0.063,-0.011,-0.023,-0.015,-0.007,-0.001,-0.011,0.011,-0.007,-0.015,-0.04,-0.009,0.169,0.006,-0.008,0.016,-0.036,-0.006,0.107,0.003,0.037,0.009,0.005,0.156,-0.155,0.061,-0.018,-0.015,1.0,0.073,0.02,0.009,-0.007,-0.006,-0.035,0.014,-0.011,0.0,-0.009,-0.012
H_trigger_alpha,0.014,-0.013,-0.015,-0.015,-0.013,-0.013,-0.027,-0.026,0.03,-0.118,-0.114,-0.109,-0.233,-0.091,0.015,0.02,-0.006,0.018,0.031,0.008,-0.015,0.041,0.042,-0.216,-0.059,-0.001,0.023,-0.096,-0.036,-0.238,-0.155,-0.093,-0.083,-0.047,0.085,-0.183,-0.242,-0.105,-0.005,0.108,-0.11,0.012,-0.012,0.034,0.073,1.0,0.088,-0.21,-0.02,0.043,-0.02,0.047,-0.036,-0.001,-0.001,-0.023
H_pattern_alpha,-0.027,-0.033,-0.025,-0.011,-0.025,-0.033,0.034,0.042,-0.049,-0.013,-0.014,-0.007,-0.039,-0.017,0.0,0.002,-0.006,-0.017,-0.043,-0.038,-0.017,-0.034,-0.009,-0.065,-0.029,-0.032,-0.076,-0.005,-0.014,-0.048,-0.058,-0.024,-0.089,0.005,0.067,-0.024,-0.092,-0.039,0.029,0.035,-0.036,0.008,0.002,0.012,0.02,0.088,1.0,-0.059,-0.025,0.017,-0.003,0.014,-0.012,-0.001,-0.028,-0.019
H_er_alpha,-0.014,0.01,-0.007,-0.015,-0.002,0.01,-0.038,-0.032,0.012,-0.062,-0.015,-0.024,0.345,-0.078,0.014,0.082,0.09,-0.011,0.026,0.005,-0.014,0.042,0.013,0.937,0.082,-0.037,0.023,0.436,0.22,0.567,0.386,0.013,0.1,0.027,0.079,0.413,0.638,0.14,0.039,0.005,-0.005,0.094,0.032,0.057,0.009,-0.21,-0.059,1.0,0.013,-0.076,0.15,0.01,0.064,-0.002,-0.004,0.007
R_resmom121,0.022,0.407,0.339,0.285,0.353,0.407,-0.012,-0.01,0.108,0.045,0.06,-0.023,0.034,0.025,-0.012,-0.024,-0.008,0.002,0.013,0.271,0.244,0.188,0.26,0.02,0.37,0.389,0.017,0.071,-0.01,-0.039,-0.017,-0.047,-0.0,0.271,0.064,0.035,-0.019,0.044,-0.006,0.001,-0.001,-0.049,0.016,-0.024,-0.007,-0.02,-0.025,0.013,1.0,0.05,0.069,-0.026,0.053,0.006,0.333,0.249
I_id60,-0.02,0.042,0.027,0.06,0.022,0.042,0.004,0.007,-0.001,-0.005,0.033,0.026,-0.075,-0.028,-0.036,-0.043,-0.075,0.025,-0.014,0.007,0.001,0.048,0.041,-0.094,-0.049,0.008,0.013,-0.078,-0.056,-0.09,-0.144,-0.029,-0.071,0.0,-0.029,-0.077,-0.129,-0.243,0.015,-0.008,0.008,-0.034,-0.023,-0.015,-0.006,0.043,0.017,-0.076,0.05,1.0,-0.037,0.0,-0.029,0.006,0.029,-0.023
G_parkcc20,-0.053,-0.009,-0.046,-0.1,-0.072,-0.009,0.04,0.045,-0.059,-0.248,-0.098,-0.099,-0.073,-0.244,-0.052,-0.006,-0.019,-0.021,-0.047,-0.03,-0.018,0.009,-0.07,0.151,-0.065,-0.053,-0.014,0.059,0.011,0.055,0.045,-0.059,0.041,-0.041,0.04,-0.052,0.104,-0.015,-0.002,-0.054,0.054,0.004,0.014,0.005,-0.035,-0.02,-0.003,0.15,0.069,-0.037,1.0,-0.311,0.074,0.062,-0.037,-0.047
G_oviv20,0.012,0.068,0.113,0.159,0.134,0.068,-0.005,-0.006,0.036,-0.134,-0.072,-0.073,-0.091,-0.122,0.044,-0.03,-0.051,0.028,0.008,0.04,0.035,0.079,0.168,0.009,0.107,0.091,0.008,-0.012,-0.021,0.007,-0.009,-0.004,-0.009,-0.049,-0.139,-0.04,-0.0,-0.018,0.034,-0.036,0.035,-0.044,-0.071,-0.06,0.014,0.047,0.014,0.01,-0.026,0.0,-0.311,1.0,-0.076,-0.063,0.061,0.044
G_vr20,0.042,0.091,0.224,0.146,0.2,0.091,-0.025,-0.034,0.039,0.18,0.213,0.196,0.187,0.13,-0.121,-0.007,-0.023,0.009,0.042,0.07,0.063,-0.077,0.042,0.101,0.152,0.052,0.014,0.085,0.029,0.031,0.095,0.007,0.003,0.158,0.084,-0.007,0.037,-0.102,0.016,0.006,-0.006,0.017,0.025,0.032,-0.011,-0.036,-0.012,0.064,0.053,-0.029,0.074,-0.076,1.0,0.037,0.067,0.089
G_dnbeta60,-0.001,0.04,0.061,0.054,0.055,0.04,0.013,0.011,0.009,-0.035,-0.046,0.089,-0.03,-0.116,-0.077,-0.001,0.01,0.092,-0.006,0.027,0.023,0.059,0.065,-0.009,0.041,-0.006,0.042,-0.0,0.016,0.018,-0.014,0.018,-0.01,0.03,-0.007,-0.009,0.003,-0.03,0.057,0.009,-0.009,-0.004,-0.021,0.033,0.0,-0.001,-0.001,-0.002,0.006,0.006,0.062,-0.063,0.037,1.0,0.021,-0.014
K_mom_er,0.524,0.861,0.577,0.267,0.576,0.861,-0.274,-0.381,0.598,0.142,0.105,-0.067,0.072,0.206,0.003,0.029,0.083,0.373,0.456,0.745,0.574,0.573,0.507,-0.005,0.593,0.815,0.141,0.037,0.029,0.012,0.012,0.013,0.005,0.397,0.124,0.088,0.006,0.06,0.022,0.007,-0.007,-0.007,0.041,0.022,-0.009,-0.001,-0.028,-0.004,0.333,0.029,-0.037,0.061,0.067,0.021,1.0,0.503
K_mom_poolvolq,0.285,0.566,0.364,0.233,0.366,0.566,-0.154,-0.206,0.317,0.157,0.123,0.021,0.1,0.173,-0.01,-0.003,0.026,0.174,0.245,0.452,0.345,0.326,0.327,0.008,0.398,0.519,0.073,0.047,0.022,0.029,0.067,0.014,0.04,0.279,0.098,0.08,0.002,0.116,0.013,0.016,-0.016,-0.015,0.015,0.018,-0.012,-0.023,-0.019,0.007,0.249,-0.023,-0.047,0.044,0.089,-0.014,0.503,1.0
