,mom_20,mom_60,mom_120,mom_sharpe_120,rel_mom_60,rev_5,rev_10,rsi_dev_14,bbw_20,max_ret_20,kurt_60,vratio_20,vratio_60,obv_20,bias_20,bias_60,dd_60,hi_252,er_20,martin_60,streak,H_ichimoku_alpha,H_trendmag_alpha,H_adxval_alpha,H_adxstr_alpha,H_adxdist_alpha,H_adxpow_alpha,H_atr_alpha,H_trpct_alpha,H_bbw_alpha,H_rsidev_alpha,H_kamadist_alpha,H_gapdist_alpha,H_body_alpha,H_shadow_alpha,H_volratio_alpha,H_volchg_alpha,H_entitydiff_alpha,H_pos_alpha,H_trigger_alpha,H_pattern_alpha,H_er_alpha,R_resmom121,I_id60,G_parkcc20,G_oviv20,G_dnbeta60,K_mom_er,K_mom_poolvolq
mom_20,1.0,0.515,0.364,0.368,0.515,-0.443,-0.65,0.809,0.041,0.217,0.009,0.036,0.102,0.71,0.817,0.786,0.589,0.426,0.09,0.493,0.209,0.005,0.084,0.182,0.19,0.073,0.055,0.266,0.075,0.123,0.097,0.082,0.064,-0.007,0.007,0.045,0.073,0.051,0.008,-0.008,-0.04,0.087,-0.002,-0.022,-0.101,-0.001,0.043,0.571,0.198
mom_60,0.515,1.0,0.647,0.639,1.0,-0.246,-0.352,0.595,0.035,0.112,0.029,0.005,0.034,0.392,0.434,0.823,0.586,0.549,0.076,0.904,0.124,0.066,0.069,0.114,0.174,0.041,0.078,0.5,0.083,0.102,0.066,0.075,0.123,-0.006,0.006,0.029,0.07,0.021,0.001,-0.021,-0.043,0.068,0.413,0.012,-0.039,0.005,0.082,0.918,0.398
mom_120,0.364,0.647,1.0,0.931,0.647,-0.182,-0.256,0.421,0.032,0.088,0.005,0.012,0.017,0.274,0.312,0.55,0.396,0.583,0.047,0.641,0.094,0.052,0.039,0.047,0.077,0.028,0.034,0.622,0.09,0.06,0.026,0.045,0.16,-0.005,0.005,0.041,0.066,0.007,0.0,-0.011,-0.034,0.031,0.352,-0.031,-0.031,0.028,0.1,0.6,0.244
mom_sharpe_120,0.368,0.639,0.931,1.0,0.639,-0.186,-0.26,0.47,-0.036,0.022,-0.003,0.011,0.013,0.307,0.317,0.552,0.463,0.643,0.055,0.702,0.109,0.048,0.041,0.053,0.079,0.029,0.031,0.585,0.068,0.054,0.047,0.088,0.139,-0.005,0.005,0.064,0.064,0.014,0.002,-0.002,-0.041,0.037,0.34,-0.087,-0.016,0.035,0.104,0.611,0.251
rel_mom_60,0.515,1.0,0.647,0.639,1.0,-0.246,-0.352,0.595,0.035,0.112,0.029,0.005,0.034,0.392,0.434,0.823,0.586,0.549,0.076,0.904,0.124,0.066,0.069,0.114,0.174,0.041,0.078,0.5,0.083,0.102,0.066,0.075,0.123,-0.006,0.006,0.029,0.07,0.021,0.001,-0.021,-0.043,0.068,0.413,0.012,-0.039,0.005,0.082,0.918,0.398
rev_5,-0.443,-0.246,-0.182,-0.186,-0.246,1.0,0.645,-0.611,-0.001,-0.084,-0.001,-0.101,-0.104,-0.336,-0.703,-0.419,-0.411,-0.267,-0.074,-0.234,-0.416,0.012,-0.06,-0.111,-0.065,-0.041,-0.017,-0.084,-0.059,-0.046,-0.091,-0.036,-0.019,0.003,-0.003,-0.091,-0.069,-0.053,-0.016,-0.004,0.042,-0.074,-0.002,0.014,0.047,-0.005,-0.015,-0.279,-0.098
rev_10,-0.65,-0.352,-0.256,-0.26,-0.352,0.645,1.0,-0.75,-0.022,-0.137,-0.006,-0.085,-0.11,-0.482,-0.888,-0.583,-0.501,-0.34,-0.089,-0.338,-0.295,0.013,-0.07,-0.164,-0.12,-0.067,-0.022,-0.154,-0.071,-0.085,-0.102,-0.063,-0.039,0.007,-0.007,-0.08,-0.073,-0.057,-0.011,0.0,0.053,-0.088,-0.0,0.018,0.069,-0.001,-0.027,-0.398,-0.14
rsi_dev_14,0.809,0.595,0.421,0.47,0.595,-0.611,-0.75,1.0,-0.032,0.126,0.007,0.047,0.076,0.672,0.863,0.83,0.733,0.544,0.12,0.624,0.358,0.02,0.09,0.173,0.158,0.058,0.055,0.253,0.045,0.093,0.149,0.096,0.058,-0.009,0.009,0.075,0.07,0.052,0.013,-0.016,-0.065,0.119,0.096,-0.066,-0.057,0.016,0.048,0.652,0.225
bbw_20,0.041,0.035,0.032,-0.036,0.035,-0.001,-0.022,-0.032,1.0,0.751,0.066,-0.051,0.066,0.031,0.011,0.022,-0.409,-0.46,0.318,-0.016,-0.035,0.3,0.105,0.274,0.262,0.049,0.109,0.124,0.11,0.501,0.206,0.115,0.083,0.007,-0.007,-0.203,-0.032,-0.057,0.001,-0.226,-0.027,0.292,0.121,-0.024,-0.125,-0.085,-0.016,0.037,0.09
max_ret_20,0.217,0.112,0.088,0.022,0.112,-0.084,-0.137,0.126,0.751,1.0,0.09,-0.076,0.023,0.12,0.158,0.148,-0.316,-0.414,-0.018,0.087,-0.021,0.061,0.014,0.011,0.037,0.03,0.023,0.142,0.125,0.169,-0.047,0.05,0.084,0.018,-0.018,-0.222,-0.038,-0.045,0.004,-0.115,-0.005,-0.034,0.118,0.014,-0.224,-0.113,-0.068,0.122,0.117
kurt_60,0.009,0.029,0.005,-0.003,0.029,-0.001,-0.006,0.007,0.066,0.09,1.0,-0.071,-0.065,0.03,0.004,0.01,-0.046,-0.016,0.079,0.045,-0.003,0.024,-0.052,0.056,0.09,-0.03,0.05,0.018,-0.127,0.074,0.047,0.028,0.039,-0.014,0.014,-0.163,-0.079,-0.064,-0.011,-0.028,0.007,0.064,0.011,0.016,-0.092,0.076,-0.008,0.028,0.001
vratio_20,0.036,0.005,0.012,0.011,0.005,-0.101,-0.085,0.047,-0.051,-0.076,-0.071,1.0,0.826,0.008,0.09,0.034,0.113,0.086,0.084,-0.011,0.067,-0.098,0.3,0.109,0.032,0.221,-0.049,0.071,0.408,0.016,0.191,0.027,0.021,0.11,-0.11,0.793,0.345,0.139,0.116,0.051,0.023,0.088,-0.02,-0.022,-0.014,-0.026,0.008,0.012,0.002
vratio_60,0.102,0.034,0.017,0.013,0.034,-0.104,-0.11,0.076,0.066,0.023,-0.065,0.826,1.0,0.05,0.124,0.094,0.125,0.113,0.131,-0.003,0.06,0.005,0.321,0.193,0.162,0.244,0.012,0.187,0.45,0.201,0.228,0.104,0.085,0.104,-0.104,0.686,0.415,0.139,0.105,0.018,0.013,0.134,-0.039,-0.032,-0.121,0.023,0.016,0.04,0.018
obv_20,0.71,0.392,0.274,0.307,0.392,-0.336,-0.482,0.672,0.031,0.12,0.03,0.008,0.05,1.0,0.595,0.584,0.477,0.344,0.095,0.415,0.277,0.023,0.064,0.145,0.155,0.047,0.054,0.175,0.027,0.095,0.104,0.081,0.038,-0.009,0.008,0.013,0.033,0.029,0.007,-0.018,-0.035,0.091,0.001,-0.065,-0.04,0.005,0.077,0.458,0.156
bias_20,0.817,0.434,0.312,0.317,0.434,-0.703,-0.888,0.863,0.011,0.158,0.004,0.09,0.124,0.595,1.0,0.707,0.596,0.412,0.099,0.417,0.343,-0.015,0.084,0.188,0.151,0.075,0.025,0.196,0.079,0.095,0.123,0.073,0.046,-0.007,0.007,0.09,0.084,0.063,0.014,-0.002,-0.06,0.098,-0.005,-0.022,-0.082,0.002,0.035,0.489,0.168
bias_60,0.786,0.823,0.55,0.552,0.823,-0.419,-0.583,0.83,0.022,0.148,0.01,0.034,0.094,0.584,0.707,1.0,0.723,0.572,0.103,0.759,0.207,0.045,0.102,0.191,0.227,0.067,0.092,0.427,0.091,0.134,0.116,0.099,0.099,-0.008,0.008,0.06,0.088,0.048,0.006,-0.019,-0.052,0.099,0.256,-0.013,-0.076,0.007,0.078,0.793,0.316
dd_60,0.589,0.586,0.396,0.463,0.586,-0.411,-0.501,0.733,-0.409,-0.316,-0.046,0.113,0.125,0.477,0.596,0.723,1.0,0.807,0.131,0.59,0.261,-0.019,0.113,0.208,0.145,0.043,0.035,0.269,0.023,0.058,0.24,0.083,0.047,-0.002,0.002,0.233,0.124,0.098,0.019,0.011,-0.053,0.144,0.086,-0.041,-0.043,0.069,0.085,0.606,0.184
hi_252,0.426,0.549,0.583,0.643,0.549,-0.267,-0.34,0.544,-0.46,-0.414,-0.016,0.086,0.113,0.344,0.412,0.572,0.807,1.0,0.099,0.571,0.176,0.038,0.087,0.152,0.144,0.052,0.04,0.512,0.062,0.094,0.169,0.152,0.13,-0.006,0.006,0.267,0.154,0.091,0.009,0.037,-0.04,0.104,0.129,-0.079,-0.062,0.103,0.117,0.546,0.159
er_20,0.09,0.076,0.047,0.055,0.076,-0.074,-0.089,0.12,0.318,-0.018,0.079,0.084,0.131,0.095,0.099,0.103,0.131,0.099,1.0,0.044,0.046,0.483,0.224,0.589,0.453,-0.009,0.129,0.041,0.011,0.456,0.664,0.162,0.043,-0.01,0.01,0.053,0.044,0.02,0.01,-0.23,-0.065,0.97,0.003,-0.12,0.075,0.063,0.038,0.125,0.054
martin_60,0.493,0.904,0.641,0.702,0.904,-0.234,-0.338,0.624,-0.016,0.087,0.045,-0.011,-0.003,0.415,0.417,0.759,0.59,0.571,0.044,1.0,0.128,0.032,0.044,0.067,0.131,0.033,0.055,0.455,0.048,0.052,0.042,0.17,0.108,-0.006,0.006,0.026,0.05,0.017,0.002,-0.008,-0.045,0.032,0.403,-0.094,-0.022,0.014,0.07,0.862,0.358
streak,0.209,0.124,0.094,0.109,0.124,-0.416,-0.295,0.358,-0.035,-0.021,-0.003,0.067,0.06,0.277,0.343,0.207,0.261,0.176,0.046,0.128,1.0,-0.001,0.036,0.04,0.021,0.019,0.013,0.03,0.011,0.015,0.068,0.015,0.005,-0.017,0.017,0.07,0.032,0.035,0.022,0.005,-0.096,0.048,-0.004,-0.03,-0.011,0.013,0.029,0.145,0.048
H_ichimoku_alpha,0.005,0.066,0.052,0.048,0.066,0.012,0.013,0.02,0.3,0.061,0.024,-0.098,0.005,0.023,-0.015,0.045,-0.019,0.038,0.483,0.032,-0.001,1.0,0.158,0.359,0.381,-0.084,0.088,0.096,0.052,0.453,0.249,0.174,0.066,-0.011,0.013,-0.06,0.013,-0.013,-0.008,-0.076,-0.028,0.479,0.039,-0.09,-0.003,0.036,0.021,0.081,0.059
H_trendmag_alpha,0.084,0.069,0.039,0.041,0.069,-0.06,-0.07,0.09,0.105,0.014,-0.052,0.3,0.321,0.064,0.084,0.102,0.113,0.087,0.224,0.044,0.036,0.158,1.0,0.284,0.253,0.274,0.064,0.086,0.388,0.216,0.303,0.09,0.069,0.136,-0.136,0.309,0.173,0.146,0.211,-0.017,0.006,0.231,-0.004,-0.06,-0.058,0.015,0.022,0.075,0.041
H_adxval_alpha,0.182,0.114,0.047,0.053,0.114,-0.111,-0.164,0.173,0.274,0.011,0.056,0.109,0.193,0.145,0.188,0.191,0.208,0.152,0.589,0.067,0.04,0.359,0.284,1.0,0.707,0.032,0.082,0.088,0.062,0.505,0.659,0.229,0.066,-0.003,0.003,0.103,0.09,0.049,-0.0,-0.251,-0.043,0.599,-0.024,-0.109,-0.05,0.048,0.044,0.143,0.075
H_adxstr_alpha,0.19,0.174,0.077,0.079,0.174,-0.065,-0.12,0.158,0.262,0.037,0.09,0.032,0.162,0.155,0.151,0.227,0.145,0.144,0.453,0.131,0.021,0.381,0.253,0.707,1.0,0.092,0.243,0.123,0.057,0.45,0.447,0.251,0.066,-0.004,0.004,0.024,0.071,0.017,-0.004,-0.155,-0.055,0.453,0.03,-0.14,-0.035,0.028,0.038,0.187,0.123
H_adxdist_alpha,0.073,0.041,0.028,0.029,0.041,-0.041,-0.067,0.058,0.049,0.03,-0.03,0.221,0.244,0.047,0.075,0.067,0.043,0.052,-0.009,0.033,0.019,-0.084,0.274,0.032,0.092,1.0,0.058,0.096,0.208,0.137,0.093,0.03,0.083,0.034,-0.034,0.24,0.194,0.103,0.03,-0.086,-0.016,-0.002,-0.011,0.001,-0.125,0.023,0.02,0.041,0.02
H_adxpow_alpha,0.055,0.078,0.034,0.031,0.078,-0.017,-0.022,0.055,0.109,0.023,0.05,-0.049,0.012,0.054,0.025,0.092,0.035,0.04,0.129,0.055,0.013,0.088,0.064,0.082,0.243,0.058,1.0,0.041,-0.05,0.175,0.099,0.116,0.04,-0.037,0.037,-0.036,-0.002,-0.01,-0.049,-0.101,-0.113,0.135,0.018,-0.056,-0.005,0.009,0.014,0.078,0.056
H_atr_alpha,0.266,0.5,0.622,0.585,0.5,-0.084,-0.154,0.253,0.124,0.142,0.018,0.071,0.187,0.175,0.196,0.427,0.269,0.512,0.041,0.455,0.03,0.096,0.086,0.088,0.123,0.096,0.041,1.0,0.364,0.334,0.024,0.108,0.242,0.035,-0.035,0.088,0.193,0.009,0.007,-0.025,-0.022,0.016,0.271,0.003,-0.161,0.045,0.083,0.447,0.19
H_trpct_alpha,0.075,0.083,0.09,0.068,0.083,-0.059,-0.071,0.045,0.11,0.125,-0.127,0.408,0.45,0.027,0.079,0.091,0.023,0.062,0.011,0.048,0.011,0.052,0.388,0.062,0.057,0.208,-0.05,0.364,1.0,0.23,0.055,0.086,0.16,0.248,-0.247,0.418,0.3,0.136,0.169,0.174,0.058,0.013,0.053,-0.008,-0.07,-0.041,0.01,0.071,0.044
H_bbw_alpha,0.123,0.102,0.06,0.054,0.102,-0.046,-0.085,0.093,0.501,0.169,0.074,0.016,0.201,0.095,0.095,0.134,0.058,0.094,0.456,0.052,0.015,0.453,0.216,0.505,0.45,0.137,0.175,0.334,0.23,1.0,0.401,0.253,0.177,0.01,-0.01,0.037,0.143,0.024,0.005,-0.194,-0.039,0.462,0.008,-0.044,-0.254,0.058,0.033,0.122,0.05
H_rsidev_alpha,0.097,0.066,0.026,0.047,0.066,-0.091,-0.102,0.149,0.206,-0.047,0.047,0.191,0.228,0.104,0.123,0.116,0.24,0.169,0.664,0.042,0.068,0.249,0.303,0.659,0.447,0.093,0.099,0.024,0.055,0.401,1.0,0.219,0.05,0.014,-0.014,0.174,0.108,0.075,0.037,-0.299,-0.1,0.676,-0.025,-0.176,0.029,0.043,0.047,0.11,0.054
H_kamadist_alpha,0.082,0.075,0.045,0.088,0.075,-0.036,-0.063,0.096,0.115,0.05,0.028,0.027,0.104,0.081,0.073,0.099,0.083,0.152,0.162,0.17,0.015,0.174,0.09,0.229,0.251,0.03,0.116,0.108,0.086,0.253,0.219,1.0,0.045,0.002,-0.002,0.026,0.054,0.022,0.002,-0.097,-0.04,0.164,0.023,-0.275,-0.031,-0.011,0.006,0.095,0.121
H_gapdist_alpha,0.064,0.123,0.16,0.139,0.123,-0.019,-0.039,0.058,0.083,0.084,0.039,0.021,0.085,0.038,0.046,0.099,0.047,0.13,0.043,0.108,0.005,0.066,0.069,0.066,0.066,0.083,0.04,0.242,0.16,0.177,0.05,0.045,1.0,0.001,-0.0,0.071,0.109,0.016,-0.008,-0.05,0.005,0.043,0.075,0.009,-0.133,0.135,0.023,0.111,0.047
H_body_alpha,-0.007,-0.006,-0.005,-0.005,-0.006,0.003,0.007,-0.009,0.007,0.018,-0.014,0.11,0.104,-0.009,-0.007,-0.008,-0.002,-0.006,-0.01,-0.006,-0.017,-0.011,0.136,-0.003,-0.004,0.034,-0.037,0.035,0.248,0.01,0.014,0.002,0.001,1.0,-0.998,0.087,0.035,-0.116,0.175,0.135,0.04,-0.01,-0.004,-0.0,-0.06,-0.042,-0.004,-0.007,0.002
H_shadow_alpha,0.007,0.006,0.005,0.005,0.006,-0.003,-0.007,0.009,-0.007,-0.018,0.014,-0.11,-0.104,0.008,0.007,0.008,0.002,0.006,0.01,0.006,0.017,0.013,-0.136,0.003,0.004,-0.034,0.037,-0.035,-0.247,-0.01,-0.014,-0.002,-0.0,-0.998,1.0,-0.087,-0.035,0.116,-0.174,-0.134,-0.039,0.01,0.004,0.0,0.06,0.042,0.004,0.007,-0.002
H_volratio_alpha,0.045,0.029,0.041,0.064,0.029,-0.091,-0.08,0.075,-0.203,-0.222,-0.163,0.793,0.686,0.013,0.09,0.06,0.233,0.267,0.053,0.026,0.07,-0.06,0.309,0.103,0.024,0.24,-0.036,0.088,0.418,0.037,0.174,0.026,0.071,0.087,-0.087,1.0,0.449,0.192,0.098,0.078,0.018,0.072,-0.066,-0.032,-0.077,0.039,0.026,0.037,0.006
H_volchg_alpha,0.073,0.07,0.066,0.064,0.07,-0.069,-0.073,0.07,-0.032,-0.038,-0.079,0.345,0.415,0.033,0.084,0.088,0.124,0.154,0.044,0.05,0.032,0.013,0.173,0.09,0.071,0.194,-0.002,0.193,0.3,0.143,0.108,0.054,0.109,0.035,-0.035,0.449,1.0,0.125,0.02,0.028,0.018,0.051,-0.015,-0.012,-0.14,0.073,0.013,0.068,0.028
H_entitydiff_alpha,0.051,0.021,0.007,0.014,0.021,-0.053,-0.057,0.052,-0.057,-0.045,-0.064,0.139,0.139,0.029,0.063,0.048,0.098,0.091,0.02,0.017,0.035,-0.013,0.146,0.049,0.017,0.103,-0.01,0.009,0.136,0.024,0.075,0.022,0.016,-0.116,0.116,0.192,0.125,1.0,0.003,0.075,0.021,0.036,-0.038,-0.014,-0.055,0.028,0.017,0.025,0.01
H_pos_alpha,0.008,0.001,0.0,0.002,0.001,-0.016,-0.011,0.013,0.001,0.004,-0.011,0.116,0.105,0.007,0.014,0.006,0.019,0.009,0.01,0.002,0.022,-0.008,0.211,-0.0,-0.004,0.03,-0.049,0.007,0.169,0.005,0.037,0.002,-0.008,0.175,-0.174,0.098,0.02,0.003,1.0,0.101,0.032,0.009,-0.006,-0.01,-0.05,0.011,0.001,0.003,0.001
H_trigger_alpha,-0.008,-0.021,-0.011,-0.002,-0.021,-0.004,0.0,-0.016,-0.226,-0.115,-0.028,0.051,0.018,-0.018,-0.002,-0.019,0.011,0.037,-0.23,-0.008,0.005,-0.076,-0.017,-0.251,-0.155,-0.086,-0.101,-0.025,0.174,-0.194,-0.299,-0.097,-0.05,0.135,-0.134,0.078,0.028,0.075,0.101,1.0,0.111,-0.224,-0.019,0.048,0.027,0.02,-0.01,-0.033,-0.026
H_pattern_alpha,-0.04,-0.043,-0.034,-0.041,-0.043,0.042,0.053,-0.065,-0.027,-0.005,0.007,0.023,0.013,-0.035,-0.06,-0.052,-0.053,-0.04,-0.065,-0.045,-0.096,-0.028,0.006,-0.043,-0.055,-0.016,-0.113,-0.022,0.058,-0.039,-0.1,-0.04,0.005,0.04,-0.039,0.018,0.018,0.021,0.032,0.111,1.0,-0.064,-0.011,0.027,-0.002,0.007,-0.008,-0.042,-0.025
H_er_alpha,0.087,0.068,0.031,0.037,0.068,-0.074,-0.088,0.119,0.292,-0.034,0.064,0.088,0.134,0.091,0.098,0.099,0.144,0.104,0.97,0.032,0.048,0.479,0.231,0.599,0.453,-0.002,0.135,0.016,0.013,0.462,0.676,0.164,0.043,-0.01,0.01,0.072,0.051,0.036,0.009,-0.224,-0.064,1.0,-0.007,-0.105,0.07,0.062,0.037,0.117,0.047
R_resmom121,-0.002,0.413,0.352,0.34,0.413,-0.002,-0.0,0.096,0.121,0.118,0.011,-0.02,-0.039,0.001,-0.005,0.256,0.086,0.129,0.003,0.403,-0.004,0.039,-0.004,-0.024,0.03,-0.011,0.018,0.271,0.053,0.008,-0.025,0.023,0.075,-0.004,0.004,-0.066,-0.015,-0.038,-0.006,-0.019,-0.011,-0.007,1.0,0.002,0.048,-0.039,0.009,0.342,0.153
I_id60,-0.022,0.012,-0.031,-0.087,0.012,0.014,0.018,-0.066,-0.024,0.014,0.016,-0.022,-0.032,-0.065,-0.022,-0.013,-0.041,-0.079,-0.12,-0.094,-0.03,-0.09,-0.06,-0.109,-0.14,0.001,-0.056,0.003,-0.008,-0.044,-0.176,-0.275,0.009,-0.0,0.0,-0.032,-0.012,-0.014,-0.01,0.048,0.027,-0.105,0.002,1.0,-0.053,-0.006,-0.012,-0.016,-0.07
G_parkcc20,-0.101,-0.039,-0.031,-0.016,-0.039,0.047,0.069,-0.057,-0.125,-0.224,-0.092,-0.014,-0.121,-0.04,-0.082,-0.076,-0.043,-0.062,0.075,-0.022,-0.011,-0.003,-0.058,-0.05,-0.035,-0.125,-0.005,-0.161,-0.07,-0.254,0.029,-0.031,-0.133,-0.06,0.06,-0.077,-0.14,-0.055,-0.05,0.027,-0.002,0.07,0.048,-0.053,1.0,-0.358,0.019,-0.04,-0.018
G_oviv20,-0.001,0.005,0.028,0.035,0.005,-0.005,-0.001,0.016,-0.085,-0.113,0.076,-0.026,0.023,0.005,0.002,0.007,0.069,0.103,0.063,0.014,0.013,0.036,0.015,0.048,0.028,0.023,0.009,0.045,-0.041,0.058,0.043,-0.011,0.135,-0.042,0.042,0.039,0.073,0.028,0.011,0.02,0.007,0.062,-0.039,-0.006,-0.358,1.0,0.013,0.008,-0.02
G_dnbeta60,0.043,0.082,0.1,0.104,0.082,-0.015,-0.027,0.048,-0.016,-0.068,-0.008,0.008,0.016,0.077,0.035,0.078,0.085,0.117,0.038,0.07,0.029,0.021,0.022,0.044,0.038,0.02,0.014,0.083,0.01,0.033,0.047,0.006,0.023,-0.004,0.004,0.026,0.013,0.017,0.001,-0.01,-0.008,0.037,0.009,-0.012,0.019,0.013,1.0,0.069,0.03
K_mom_er,0.571,0.918,0.6,0.611,0.918,-0.279,-0.398,0.652,0.037,0.122,0.028,0.012,0.04,0.458,0.489,0.793,0.606,0.546,0.125,0.862,0.145,0.081,0.075,0.143,0.187,0.041,0.078,0.447,0.071,0.122,0.11,0.095,0.111,-0.007,0.007,0.037,0.068,0.025,0.003,-0.033,-0.042,0.117,0.342,-0.016,-0.04,0.008,0.069,1.0,0.366
K_mom_poolvolq,0.198,0.398,0.244,0.251,0.398,-0.098,-0.14,0.225,0.09,0.117,0.001,0.002,0.018,0.156,0.168,0.316,0.184,0.159,0.054,0.358,0.048,0.059,0.041,0.075,0.123,0.02,0.056,0.19,0.044,0.05,0.054,0.121,0.047,0.002,-0.002,0.006,0.028,0.01,0.001,-0.026,-0.025,0.047,0.153,-0.07,-0.018,-0.02,0.03,0.366,1.0
